date,n_container,n_dry_bulk,n_general_cargo,n_roro,n_tanker,n_cargo,n_total,capacity
2019-01-01,6,9,1,3,33,19,52,2390755
2019-01-02,13,9,0,2,37,24,61,1022523
2019-01-03,10,9,3,0,49,22,71,2841667
2019-01-04,10,11,2,1,35,24,59,1207506
2019-01-05,10,13,3,1,34,27,61,1830227
2019-01-06,6,12,0,2,36,20,56,2219169
2019-01-07,8,7,4,1,52,20,72,1940965
2019-01-08,7,10,6,1,31,24,55,515105
2019-01-09,5,7,4,1,21,17,38,1805444
2019-01-10,8,8,5,2,35,23,58,789993
2019-01-11,8,8,3,1,40,20,60,1008345
2019-01-12,7,9,4,0,35,20,55,481324
2019-01-13,6,11,2,1,24,20,44,1557452
2019-01-14,4,4,3,4,35,15,50,2088547
2019-01-15,10,7,2,4,26,23,49,972941
2019-01-16,6,17,5,1,28,29,57,1922947
2019-01-17,9,10,3,0,31,22,53,1607029
2019-01-18,8,5,1,0,32,14,46,2116818
2019-01-19,8,9,4,2,38,23,61,1395862
2019-01-20,11,9,4,2,40,26,66,1387500
2019-01-21,4,9,6,2,36,21,57,312553
2019-01-22,8,8,1,3,39,20,59,2228951
2019-01-23,5,10,1,1,42,17,59,2096046
2019-01-24,5,5,0,0,32,10,42,1942712
2019-01-25,8,8,3,0,27,19,46,1444862
2019-01-26,9,10,3,0,38,22,60,1796329
2019-01-27,10,9,2,0,40,21,61,2352926
2019-01-28,10,11,4,3,33,28,61,846159
2019-01-29,7,3,3,0,33,13,46,2288161
2019-01-30,6,12,2,2,38,22,60,1181678
2019-01-31,6,9,6,1,28,22,50,1522445
2019-02-01,7,8,2,0,34,17,51,1249494
2019-02-02,10,3,3,1,32,17,49,2139350
2019-02-03,4,8,4,2,39,18,57,1686854
2019-02-04,7,11,2,1,36,21,57,1010318
2019-02-05,9,16,1,3,30,29,59,840247
2019-02-06,7,11,3,0,29,21,50,846722
2019-02-07,7,12,1,5,35,25,60,1604455
2019-02-08,9,9,2,1,35,21,56,1138264
2019-02-09,6,7,3,0,40,16,56,1597088
2019-02-10,4,10,6,0,39,20,59,1584091
2019-02-11,7,6,1,2,26,16,42,1160991
2019-02-12,10,10,2,2,30,24,54,418259
2019-02-13,3,12,1,1,27,17,44,909455
2019-02-14,8,8,5,2,39,23,62,971138
2019-02-15,8,13,5,1,36,27,63,1826351
2019-02-16,10,12,2,0,40,24,64,1490346
2019-02-17,6,14,1,2,42,23,65,1925960
2019-02-18,9,14,4,1,43,28,71,1368765
2019-02-19,11,12,6,4,32,33,65,788852
2019-02-20,8,10,5,0,39,23,62,760090
2019-02-21,6,16,1,3,42,26,68,711691
2019-02-22,14,15,0,3,44,32,76,1443209
2019-02-23,11,10,6,1,45,28,73,2383118
2019-02-24,11,14,3,3,41,31,72,1466085
2019-02-25,11,15,2,1,36,29,65,1548761
2019-02-26,12,9,3,1,27,25,52,578299
2019-02-27,2,19,1,1,30,23,53,910995
2019-02-28,6,12,1,4,33,23,56,1417121
2019-03-01,6,6,3,3,40,18,58,2161005
2019-03-02,12,12,2,1,34,27,61,1013580
2019-03-03,6,11,1,3,45,21,66,1059240
2019-03-04,6,11,3,1,35,21,56,631764
2019-03-05,11,12,3,2,40,28,68,1720874
2019-03-06,10,11,6,1,52,28,80,1360314
2019-03-07,6,9,3,1,39,19,58,1370719
2019-03-08,4,15,3,1,42,23,65,1740780
2019-03-09,14,9,2,1,48,26,74,2352261
2019-03-10,6,5,1,2,32,14,46,698929
2019-03-11,6,9,1,1,23,17,40,509330
2019-03-12,8,5,0,1,33,14,47,2969275
2019-03-13,10,16,4,1,39,31,70,1964304
2019-03-14,9,12,3,3,35,27,62,1142726
2019-03-15,5,8,3,2,33,18,51,2217509
2019-03-16,9,11,1,1,29,22,51,1322216
2019-03-17,9,12,3,2,42,26,68,886031
2019-03-18,10,5,0,1,52,16,68,1295476
2019-03-19,13,12,4,2,39,31,70,1278044
2019-03-20,6,10,3,2,40,21,61,1126521
2019-03-21,5,12,4,1,42,22,64,1583323
2019-03-22,7,10,1,1,29,19,48,1368091
2019-03-23,12,12,1,2,31,27,58,2250838
2019-03-24,8,10,5,1,31,24,55,641687
2019-03-25,10,8,4,0,25,22,47,581800
2019-03-26,9,12,1,2,33,24,57,949423
2019-03-27,9,6,4,4,38,23,61,761454
2019-03-28,8,14,1,0,45,23,68,2942718
2019-03-29,13,20,7,2,45,42,87,2632187
2019-03-30,15,11,4,0,57,30,87,3111288
2019-03-31,8,7,4,2,39,21,60,2266301
2019-04-01,13,12,1,1,43,27,70,1071342
2019-04-02,6,10,3,2,25,21,46,1162177
2019-04-03,9,12,2,3,32,26,58,1699083
2019-04-04,4,10,1,3,35,18,53,624019
2019-04-05,9,16,2,1,41,28,69,1982435
2019-04-06,10,11,1,2,46,24,70,1462514
2019-04-07,9,8,2,1,41,20,61,1767947
2019-04-08,13,10,5,1,41,29,70,968474
2019-04-09,6,8,3,4,51,21,72,2272056
2019-04-10,8,12,3,0,29,23,52,1125214
2019-04-11,9,7,3,0,42,19,61,2288556
2019-04-12,7,13,4,1,37,25,62,1506460
2019-04-13,12,7,3,3,41,25,66,1172514
2019-04-14,7,12,1,1,28,21,49,1015514
2019-04-15,7,21,4,3,40,35,75,1549587
2019-04-16,14,11,5,2,38,32,70,1716065
2019-04-17,9,15,4,2,39,30,69,3170336
2019-04-18,9,21,3,1,47,34,81,2637718
2019-04-19,11,14,2,1,57,28,85,2971950
2019-04-20,12,15,3,2,48,32,80,2275844
2019-04-21,12,16,4,3,41,35,76,1700031
2019-04-22,19,19,0,2,46,40,86,3027693
2019-04-23,7,17,1,2,40,27,67,2227717
2019-04-24,14,7,3,1,34,25,59,1116454
2019-04-25,10,12,2,2,46,26,72,1104716
2019-04-26,11,13,2,1,38,27,65,1431885
2019-04-27,12,13,6,2,58,33,91,2859488
2019-04-28,11,13,5,2,42,31,73,3222397
2019-04-29,15,19,4,4,52,42,94,2317026
2019-04-30,6,11,2,2,33,21,54,1849085
2019-05-01,7,19,3,1,51,30,81,1743576
2019-05-02,10,12,7,2,46,31,77,2372706
2019-05-03,17,19,7,1,46,44,90,2458929
2019-05-04,8,10,3,1,41,22,63,3518777
2019-05-05,11,11,2,0,30,24,54,1599252
2019-05-06,8,18,1,2,37,29,66,2150731
2019-05-07,9,8,4,3,49,24,73,1962989
2019-05-08,15,19,2,1,50,37,87,2724319
2019-05-09,14,16,6,1,44,37,81,2147060
2019-05-10,10,10,0,0,40,20,60,1293036
2019-05-11,14,16,0,1,50,31,81,1988602
2019-05-12,11,11,4,2,57,28,85,2567430
2019-05-13,11,14,2,2,47,29,76,2383458
2019-05-14,14,10,4,2,28,30,58,1697004
2019-05-15,6,16,0,1,47,23,70,2828230
2019-05-16,8,14,1,1,58,24,82,2918123
2019-05-17,14,20,4,3,47,41,88,2419184
2019-05-18,14,16,0,3,51,33,84,2489789
2019-05-19,9,7,4,2,42,22,64,2645047
2019-05-20,11,14,0,4,48,29,77,2342200
2019-05-21,7,10,1,2,35,20,55,2793845
2019-05-22,9,9,4,2,35,24,59,1349228
2019-05-23,7,10,5,1,43,23,66,2121730
2019-05-24,14,11,5,3,42,33,75,1465014
2019-05-25,16,16,1,1,52,34,86,2939998
2019-05-26,9,15,1,1,54,26,80,2367234
2019-05-27,15,14,2,1,53,32,85,3161050
2019-05-28,14,10,6,2,43,32,75,1692234
2019-05-29,12,22,4,1,50,39,89,2039626
2019-05-30,13,16,2,1,58,32,90,2640169
2019-05-31,14,16,3,0,49,33,82,1649583
2019-06-01,6,11,1,2,36,20,56,1417288
2019-06-02,11,13,4,1,50,29,79,2272259
2019-06-03,14,9,4,2,55,29,84,4071825
2019-06-04,8,19,3,3,60,33,93,2381885
2019-06-05,10,17,4,1,53,32,85,1879902
2019-06-06,16,17,2,0,38,35,73,425477
2019-06-07,14,14,5,0,44,33,77,3407731
2019-06-08,15,17,3,3,46,38,84,2764728
2019-06-09,8,14,4,4,45,30,75,1192375
2019-06-10,13,23,1,3,57,40,97,3023499
2019-06-11,8,17,5,4,47,34,81,2655706
2019-06-12,6,13,0,2,46,21,67,2357276
2019-06-13,10,8,5,1,41,24,65,1862675
2019-06-14,12,22,0,1,45,35,80,2054181
2019-06-15,18,15,2,1,49,36,85,3203898
2019-06-16,16,8,4,0,69,28,97,4245394
2019-06-17,10,15,1,1,47,27,74,2192748
2019-06-18,11,18,2,1,43,32,75,2967846
2019-06-19,10,16,0,4,51,30,81,1231263
2019-06-20,11,13,5,3,45,32,77,1486181
2019-06-21,14,17,1,3,42,35,77,2648921
2019-06-22,14,14,6,2,50,36,86,1545248
2019-06-23,12,10,4,1,43,27,70,2521295
2019-06-24,11,15,3,4,69,33,102,2657916
2019-06-25,15,12,3,0,63,30,93,3645780
2019-06-26,10,13,5,2,51,30,81,3106980
2019-06-27,15,14,5,1,51,35,86,2053476
2019-06-28,13,16,3,2,45,34,79,2810390
2019-06-29,10,9,8,0,57,27,84,1812900
2019-06-30,21,20,3,2,53,46,99,3022622
2019-07-01,15,14,2,3,56,34,90,2697110
2019-07-02,14,9,11,2,37,36,73,1462444
2019-07-03,12,18,4,3,65,37,102,2946298
2019-07-04,22,25,3,1,48,51,99,3519533
2019-07-05,12,19,4,5,62,40,102,3891337
2019-07-06,18,20,5,1,59,44,103,1711922
2019-07-07,15,20,3,2,46,40,86,2093153
2019-07-08,12,13,6,2,46,33,79,1803162
2019-07-09,10,17,6,2,56,35,91,2037901
2019-07-10,12,18,0,3,42,33,75,2620994
2019-07-11,12,17,3,4,50,36,86,2072698
2019-07-12,17,12,9,1,57,39,96,3294508
2019-07-13,15,15,2,2,57,34,91,2809206
2019-07-14,11,17,7,2,40,37,77,1998625
2019-07-15,15,18,6,2,46,41,87,2102855
2019-07-16,8,14,5,3,47,30,77,2442434
2019-07-17,14,10,2,3,47,29,76,2165205
2019-07-18,10,13,4,2,40,29,69,1685186
2019-07-19,13,8,5,0,44,26,70,2065696
2019-07-20,17,14,8,2,39,41,80,2539643
2019-07-21,11,14,4,4,54,33,87,2176215
2019-07-22,20,11,0,6,46,37,83,2583562
2019-07-23,6,15,3,0,47,24,71,2649431
2019-07-24,10,5,3,2,47,20,67,2485801
2019-07-25,16,14,4,3,53,37,90,2267083
2019-07-26,14,10,4,1,44,29,73,2807478
2019-07-27,11,9,2,1,38,23,61,1280229
2019-07-28,14,10,3,1,46,28,74,1926540
2019-07-29,13,20,3,1,45,37,82,2320599
2019-07-30,10,19,3,1,43,33,76,1806784
2019-07-31,14,14,0,4,42,32,74,2949083
2019-08-01,12,13,2,3,54,30,84,1934992
2019-08-02,15,14,4,3,48,36,84,2109404
2019-08-03,13,12,5,4,55,34,89,2924440
2019-08-04,13,13,6,2,59,34,93,2600073
2019-08-05,10,11,1,1,42,23,65,1714567
2019-08-06,16,16,0,2,52,34,86,2540766
2019-08-07,14,19,5,2,53,40,93,2439662
2019-08-08,9,10,7,5,53,31,84,2696775
2019-08-09,12,19,4,1,43,36,79,2914046
2019-08-10,8,20,1,1,58,30,88,2865393
2019-08-11,16,15,5,1,39,37,76,2251066
2019-08-12,15,14,3,1,45,33,78,2037012
2019-08-13,12,11,1,1,50,25,75,2360768
2019-08-14,14,12,2,1,50,29,79,2218088
2019-08-15,12,17,3,2,39,34,73,2562268
2019-08-16,11,8,2,1,46,22,68,2253126
2019-08-17,14,11,4,1,50,30,80,2646207
2019-08-18,10,13,6,2,55,31,86,2675883
2019-08-19,15,14,1,2,48,32,80,2238762
2019-08-20,11,9,1,3,35,24,59,2271474
2019-08-21,8,18,2,2,57,30,87,2135314
2019-08-22,10,11,3,0,40,24,64,1898292
2019-08-23,11,15,5,3,41,34,75,2136123
2019-08-24,20,14,2,1,46,37,83,2698760
2019-08-25,17,12,2,5,44,36,80,3191174
2019-08-26,12,13,4,2,54,31,85,1857617
2019-08-27,14,15,3,1,44,33,77,2425568
2019-08-28,9,12,0,1,46,22,68,2634039
2019-08-29,14,12,10,0,52,36,88,2920533
2019-08-30,11,14,5,1,51,31,82,2060171
2019-08-31,11,8,1,2,42,22,64,2120342
2019-09-01,17,14,3,1,41,35,76,1858579
2019-09-02,11,18,4,1,47,34,81,2452522
2019-09-03,16,12,1,2,32,31,63,2669959
2019-09-04,14,21,1,1,44,37,81,3080643
2019-09-05,11,16,3,2,49,32,81,2550205
2019-09-06,9,17,5,1,52,32,84,2818898
2019-09-07,12,11,7,2,46,32,78,1947167
2019-09-08,16,13,2,5,36,36,72,1876328
2019-09-09,10,9,2,1,52,22,74,2535365
2019-09-10,10,17,6,3,42,36,78,2863745
2019-09-11,14,10,4,1,43,29,72,1248453
2019-09-12,14,11,2,1,53,28,81,2744257
2019-09-13,15,10,4,1,51,30,81,2572528
2019-09-14,16,18,6,4,53,44,97,3252541
2019-09-15,12,15,1,1,38,29,67,1764877
2019-09-16,20,14,2,6,47,42,89,2034286
2019-09-17,10,15,5,1,44,31,75,1325944
2019-09-18,9,11,1,1,63,22,85,3003317
2019-09-19,9,11,3,3,47,26,73,2745102
2019-09-20,10,19,4,1,47,34,81,1513001
2019-09-21,15,15,3,2,47,35,82,3165880
2019-09-22,11,16,1,2,41,30,71,1805822
2019-09-23,17,10,5,3,43,35,78,1995314
2019-09-24,12,15,2,4,43,33,76,1627137
2019-09-25,12,11,1,1,33,25,58,1621049
2019-09-26,12,14,3,2,49,31,80,2355048
2019-09-27,7,16,4,0,47,27,74,2592967
2019-09-28,14,22,1,1,47,38,85,2101482
2019-09-29,21,13,4,0,59,38,97,2430447
2019-09-30,9,12,1,3,49,25,74,1976483
2019-10-01,15,12,0,1,51,28,79,1598125
2019-10-02,11,14,3,1,40,29,69,3050531
2019-10-03,10,8,1,3,34,22,56,2143308
2019-10-04,5,4,3,0,37,12,49,2106280
2019-10-05,13,11,4,3,44,31,75,2387086
2019-10-06,13,11,2,0,35,26,61,1568176
2019-10-07,8,6,5,1,44,20,64,1469025
2019-10-08,8,11,2,4,35,25,60,1934676
2019-10-09,8,10,3,5,42,26,68,2620992
2019-10-10,11,11,1,1,45,24,69,2347589
2019-10-11,9,5,2,1,49,17,66,2862491
2019-10-12,17,15,3,1,32,36,68,1800615
2019-10-13,13,7,2,2,45,24,69,2160944
2019-10-14,16,13,4,3,50,36,86,2403371
2019-10-15,11,20,5,3,59,39,98,2340688
2019-10-16,12,16,2,2,57,32,89,3257073
2019-10-17,12,12,6,2,62,32,94,2780829
2019-10-18,8,14,4,4,37,30,67,2865887
2019-10-19,11,14,3,1,50,29,79,2527504
2019-10-20,20,19,0,1,49,40,89,1961459
2019-10-21,12,11,3,3,45,29,74,2452771
2019-10-22,11,16,1,1,37,29,66,1171899
2019-10-23,13,7,8,2,45,30,75,2521811
2019-10-24,10,17,5,2,54,34,88,2882488
2019-10-25,13,11,2,2,43,28,71,1951455
2019-10-26,15,14,3,3,55,35,90,2906968
2019-10-27,11,15,1,4,36,31,67,2315365
2019-10-28,12,16,4,1,43,33,76,2724079
2019-10-29,8,10,4,0,42,22,64,2374294
2019-10-30,10,17,1,2,60,30,90,1994362
2019-10-31,10,10,2,1,39,23,62,1797824
2019-11-01,10,10,5,1,43,26,69,2356759
2019-11-02,11,9,3,4,40,27,67,458584
2019-11-03,8,8,1,2,31,19,50,1935237
2019-11-04,10,10,3,1,40,24,64,2525665
2019-11-05,11,16,6,3,33,36,69,2282766
2019-11-06,9,10,0,1,38,20,58,2052174
2019-11-07,12,8,4,6,39,30,69,1990345
2019-11-08,10,12,6,1,48,29,77,2412803
2019-11-09,12,7,5,2,36,26,62,2063653
2019-11-10,9,8,0,1,31,18,49,1757844
2019-11-11,6,8,2,2,43,18,61,1472131
2019-11-12,6,10,1,0,43,17,60,784577
2019-11-13,12,10,5,1,38,28,66,1320308
2019-11-14,10,6,3,2,26,21,47,409224
2019-11-15,8,6,2,1,22,17,39,1081749
2019-11-16,5,10,4,2,31,21,52,1294517
2019-11-17,9,9,0,2,35,20,55,387340
2019-11-18,6,12,3,2,20,23,43,723492
2019-11-19,10,8,1,1,27,20,47,948883
2019-11-20,6,9,2,2,34,19,53,838877
2019-11-21,5,9,1,1,31,16,47,351676
2019-11-22,10,6,1,1,27,18,45,612472
2019-11-23,8,6,3,3,42,20,62,1588825
2019-11-24,6,10,1,1,35,18,53,957580
2019-11-25,3,8,2,4,31,17,48,754161
2019-11-26,2,12,1,2,36,17,53,759712
2019-11-27,10,12,2,1,36,25,61,955628
2019-11-28,4,8,3,1,42,16,58,1528589
2019-11-29,2,10,5,0,37,17,54,850128
2019-11-30,5,7,4,0,39,16,55,1740179
2019-12-01,10,8,4,0,26,22,48,656565
2019-12-02,4,10,1,3,38,18,56,1700278
2019-12-03,11,5,1,2,37,19,56,1440368
2019-12-04,8,12,1,0,34,21,55,1577977
2019-12-05,7,4,2,1,31,14,45,314950
2019-12-06,4,9,3,1,20,17,37,482185
2019-12-07,5,8,0,1,30,14,44,804813
2019-12-08,7,8,1,2,38,18,56,1422352
2019-12-09,8,8,2,0,30,18,48,558535
2019-12-10,6,11,2,0,27,19,46,1725989
2019-12-11,8,9,4,1,29,22,51,1359005
2019-12-12,7,5,4,1,35,17,52,1573082
2019-12-13,6,7,2,1,39,16,55,1914887
2019-12-14,6,14,1,1,42,22,64,1992062
2019-12-15,11,9,6,3,41,29,70,1992952
2019-12-16,6,12,1,1,34,20,54,1647768
2019-12-17,7,7,1,2,36,17,53,1257493
2019-12-18,8,12,4,2,36,26,62,960329
2019-12-19,10,6,2,1,37,19,56,1025971
2019-12-20,5,6,4,1,44,16,60,694702
2019-12-21,10,12,3,3,27,28,55,997972
2019-12-22,9,12,3,0,38,24,62,1482057
2019-12-23,10,10,2,3,37,25,62,714849
2019-12-24,11,19,4,2,42,36,78,1082782
2019-12-25,8,18,8,3,41,37,78,645851
2019-12-26,8,16,3,1,48,28,76,1420075
2019-12-27,6,8,1,1,26,16,42,182135
2019-12-28,11,9,5,3,44,28,72,1752749
2019-12-29,7,14,1,1,29,23,52,1448796
2019-12-30,7,8,5,4,42,24,66,1486662
2019-12-31,6,9,3,1,41,19,60,2470549
2020-01-01,9,9,2,1,55,21,76,1988711
2020-01-02,15,9,3,0,40,27,67,2424528
2020-01-03,8,16,0,3,42,27,69,1344298
2020-01-04,7,8,3,1,40,19,59,1932775
2020-01-05,13,13,4,1,43,31,74,2289206
2020-01-06,10,11,2,3,30,26,56,1187729
2020-01-07,5,5,4,2,46,16,62,646317
2020-01-08,11,4,4,1,22,20,42,323119
2020-01-09,10,16,2,0,29,28,57,660055
2020-01-10,5,6,6,2,39,19,58,789236
2020-01-11,10,14,2,1,43,27,70,1314894
2020-01-12,8,9,4,2,31,23,54,518774
2020-01-13,9,18,3,4,24,34,58,430881
2020-01-14,12,10,6,1,30,29,59,541344
2020-01-15,6,15,1,1,35,23,58,581605
2020-01-16,7,6,0,0,24,13,37,202587
2020-01-17,12,11,4,2,40,29,69,1175153
2020-01-18,9,9,4,1,33,23,56,1028924
2020-01-19,8,14,4,2,35,28,63,1311930
2020-01-20,9,9,2,1,38,21,59,1550966
2020-01-21,11,18,3,1,27,33,60,946433
2020-01-22,10,11,2,2,34,25,59,941668
2020-01-23,12,11,1,0,32,24,56,976627
2020-01-24,10,8,5,1,42,24,66,1074055
2020-01-25,14,14,3,2,37,33,70,1651130
2020-01-26,11,8,5,2,45,26,71,1863795
2020-01-27,9,5,2,1,34,17,51,684174
2020-01-28,7,11,2,0,31,20,51,855530
2020-01-29,7,11,5,1,28,24,52,1092246
2020-01-30,12,9,5,0,39,26,65,1904944
2020-01-31,10,9,1,3,44,23,67,1869234
2020-02-01,10,10,3,1,39,24,63,1417157
2020-02-02,6,10,0,0,37,16,53,1182266
2020-02-03,8,9,0,3,45,20,65,2454589
2020-02-04,17,7,3,2,42,29,71,680144
2020-02-05,7,20,2,0,38,29,67,778398
2020-02-06,11,12,3,0,38,26,64,2547562
2020-02-07,8,19,0,1,43,28,71,2345476
2020-02-08,13,9,1,0,51,23,74,3112680
2020-02-09,6,6,5,1,25,18,43,1270054
2020-02-10,5,11,1,2,26,19,45,768755
2020-02-11,4,12,6,1,38,23,61,1329071
2020-02-12,11,7,2,1,32,21,53,456426
2020-02-13,7,14,0,0,18,21,39,247856
2020-02-14,4,11,4,2,24,21,45,463522
2020-02-15,12,4,3,0,35,19,54,1607406
2020-02-16,9,9,10,1,29,29,58,1140080
2020-02-17,11,19,2,4,52,36,88,2767646
2020-02-18,12,16,6,1,39,35,74,1442114
2020-02-19,10,8,2,2,35,22,57,2596577
2020-02-20,6,20,5,0,53,31,84,2601752
2020-02-21,12,12,3,2,32,29,61,1135716
2020-02-22,8,9,4,3,31,24,55,2733823
2020-02-23,7,8,3,0,46,18,64,1466615
2020-02-24,5,11,5,5,36,26,62,2092123
2020-02-25,18,12,7,1,33,38,71,1680221
2020-02-26,6,7,4,1,43,18,61,1373965
2020-02-27,5,4,2,1,18,12,30,514230
2020-02-28,10,11,1,0,40,22,62,882775
2020-02-29,11,14,5,2,43,32,75,2550798
2020-03-01,9,5,2,2,33,18,51,1674727
2020-03-02,7,17,3,2,47,29,76,3336031
2020-03-03,9,14,4,1,41,28,69,1548048
2020-03-04,5,5,2,3,29,15,44,1457336
2020-03-05,6,14,0,2,27,22,49,954942
2020-03-06,6,9,3,2,35,20,55,994516
2020-03-07,9,8,3,0,38,20,58,2570398
2020-03-08,8,15,3,2,53,28,81,1609368
2020-03-09,8,9,1,1,32,19,51,1535556
2020-03-10,3,7,2,0,37,12,49,1909210
2020-03-11,9,10,4,2,33,25,58,1183818
2020-03-12,9,8,3,0,40,20,60,2966855
2020-03-13,8,15,3,2,43,28,71,1787267
2020-03-14,13,9,2,2,51,26,77,3057265
2020-03-15,8,6,0,4,27,18,45,1102372
2020-03-16,7,9,1,2,22,19,41,1057684
2020-03-17,8,5,3,1,40,17,57,2300979
2020-03-18,12,7,3,1,38,23,61,1190879
2020-03-19,11,9,2,1,31,23,54,1934466
2020-03-20,7,10,2,1,38,20,58,2077056
2020-03-21,7,6,3,1,41,17,58,2034501
2020-03-22,13,5,3,1,36,22,58,1117800
2020-03-23,7,8,2,3,32,20,52,967365
2020-03-24,9,8,2,2,27,21,48,831255
2020-03-25,7,14,3,1,29,25,54,679900
2020-03-26,8,14,3,1,44,26,70,2566135
2020-03-27,6,9,2,0,30,17,47,1204831
2020-03-28,12,12,3,2,42,29,71,2118572
2020-03-29,3,7,1,1,31,12,43,1655761
2020-03-30,10,5,3,3,37,21,58,1112783
2020-03-31,5,12,3,3,38,23,61,1528259
2020-04-01,8,10,3,1,33,22,55,2490083
2020-04-02,13,11,5,0,49,29,78,2763003
2020-04-03,13,11,3,2,48,29,77,2928895
2020-04-04,8,10,1,4,38,23,61,1920097
2020-04-05,10,13,5,0,57,28,85,3865969
2020-04-06,13,12,2,3,51,30,81,2617130
2020-04-07,13,17,4,2,41,36,77,1014140
2020-04-08,18,12,7,1,47,38,85,2522187
2020-04-09,12,14,2,2,47,30,77,3668175
2020-04-10,9,11,5,1,44,26,70,1469385
2020-04-11,10,15,2,3,46,30,76,2981307
2020-04-12,7,13,1,1,48,22,70,2846843
2020-04-13,12,8,0,1,45,21,66,2430689
2020-04-14,1,15,2,1,32,19,51,2606017
2020-04-15,9,11,3,2,31,25,56,1076004
2020-04-16,7,9,2,0,49,18,67,1807543
2020-04-17,9,8,3,3,41,23,64,2495754
2020-04-18,17,8,0,1,42,26,68,1850565
2020-04-19,10,16,1,1,45,28,73,2732440
2020-04-20,9,10,2,1,43,22,65,2601499
2020-04-21,5,10,4,2,55,21,76,3306083
2020-04-22,10,9,7,2,30,28,58,238218
2020-04-23,10,8,3,3,46,24,70,1757547
2020-04-24,11,11,1,3,51,26,77,3041014
2020-04-25,6,9,7,1,50,23,73,2178554
2020-04-26,8,14,4,0,47,26,73,2467393
2020-04-27,8,7,5,2,46,22,68,1725397
2020-04-28,11,15,8,2,50,36,86,2281322
2020-04-29,14,8,3,0,37,25,62,2153604
2020-04-30,10,12,8,2,33,32,65,2053022
2020-05-01,6,11,4,6,39,27,66,3958899
2020-05-02,9,11,4,0,53,24,77,3855177
2020-05-03,14,11,2,0,44,27,71,2890254
2020-05-04,16,9,7,1,60,33,93,3124356
2020-05-05,12,11,1,2,40,26,66,2179256
2020-05-06,15,17,5,1,60,38,98,3773162
2020-05-07,12,19,5,1,46,37,83,1293736
2020-05-08,11,11,4,4,55,30,85,2874267
2020-05-09,13,19,2,1,49,35,84,2393375
2020-05-10,13,17,8,4,39,42,81,1737216
2020-05-11,13,16,3,3,56,35,91,3604348
2020-05-12,13,8,2,2,53,25,78,2357620
2020-05-13,10,12,3,4,51,29,80,2341268
2020-05-14,17,13,3,4,59,37,96,2570918
2020-05-15,9,15,4,1,46,29,75,2630845
2020-05-16,12,13,5,1,58,31,89,2698053
2020-05-17,11,17,7,1,47,36,83,2423074
2020-05-18,13,5,2,0,41,20,61,2233789
2020-05-19,14,15,2,4,53,35,88,2709424
2020-05-20,17,15,6,4,44,42,86,2307759
2020-05-21,12,16,2,2,53,32,85,4084718
2020-05-22,11,6,2,2,37,21,58,2448218
2020-05-23,14,15,5,3,48,37,85,1547009
2020-05-24,10,10,3,1,42,24,66,2173854
2020-05-25,11,14,7,1,41,33,74,1272705
2020-05-26,14,15,3,3,51,35,86,2466096
2020-05-27,8,12,6,4,47,30,77,2099657
2020-05-28,16,10,3,1,51,30,81,2222845
2020-05-29,9,14,1,2,52,26,78,3077328
2020-05-30,13,16,4,2,41,35,76,1442424
2020-05-31,17,12,5,0,55,34,89,3277094
2020-06-01,12,14,3,2,46,31,77,2434904
2020-06-02,12,18,3,3,55,36,91,2426621
2020-06-03,18,12,4,1,49,35,84,2702550
2020-06-04,12,13,6,2,65,33,98,3809429
2020-06-05,11,15,6,4,44,36,80,2427333
2020-06-06,11,14,2,1,48,28,76,2679981
2020-06-07,14,14,1,2,47,31,78,1868224
2020-06-08,9,13,3,3,44,28,72,2004806
2020-06-09,14,11,7,1,52,33,85,2323696
2020-06-10,19,11,5,2,56,37,93,3537632
2020-06-11,12,12,5,4,51,33,84,1960405
2020-06-12,17,10,5,2,54,34,88,3190379
2020-06-13,13,15,1,1,51,30,81,2436340
2020-06-14,14,17,6,1,59,38,97,2784261
2020-06-15,14,15,2,2,45,33,78,1961867
2020-06-16,17,12,7,0,50,36,86,2015063
2020-06-17,22,13,6,0,54,41,95,2238221
2020-06-18,9,13,3,1,51,26,77,2681114
2020-06-19,25,16,7,3,47,51,98,2965987
2020-06-20,13,10,4,3,57,30,87,2137578
2020-06-21,14,11,3,2,58,30,88,2826314
2020-06-22,12,13,5,1,65,31,96,2701263
2020-06-23,9,12,3,3,55,27,82,2032641
2020-06-24,16,14,5,2,46,37,83,2283656
2020-06-25,11,11,5,3,45,30,75,2526001
2020-06-26,11,13,2,2,69,28,97,3474632
2020-06-27,14,12,4,0,53,30,83,1306790
2020-06-28,14,11,3,2,41,30,71,1496119
2020-06-29,19,14,5,1,60,39,99,1573780
2020-06-30,13,17,8,0,55,38,93,1624856
2020-07-01,14,12,4,3,37,33,70,2014081
2020-07-02,12,10,5,2,40,29,69,1721825
2020-07-03,14,15,5,0,55,34,89,2888327
2020-07-04,14,19,3,2,43,38,81,3167920
2020-07-05,13,11,8,1,56,33,89,2259157
2020-07-06,13,13,3,1,43,30,73,2093883
2020-07-07,13,12,8,1,70,34,104,3693333
2020-07-08,15,9,4,1,41,29,70,1581283
2020-07-09,20,14,1,0,47,35,82,1953259
2020-07-10,9,13,4,3,51,29,80,2767271
2020-07-11,10,13,5,2,63,30,93,3918150
2020-07-12,15,11,3,0,51,29,80,2535302
2020-07-13,15,17,4,3,47,39,86,2313395
2020-07-14,11,16,3,2,54,32,86,2846631
2020-07-15,12,14,1,0,45,27,72,2740548
2020-07-16,12,9,4,1,57,26,83,2358881
2020-07-17,8,12,6,1,54,27,81,2561547
2020-07-18,13,18,3,1,55,35,90,2325879
2020-07-19,10,14,3,0,44,27,71,1567599
2020-07-20,15,15,3,2,60,35,95,2438701
2020-07-21,10,8,5,0,49,23,72,2561426
2020-07-22,10,12,5,3,44,30,74,1346806
2020-07-23,14,7,0,1,45,22,67,2327674
2020-07-24,7,19,4,2,62,32,94,2908969
2020-07-25,15,12,5,1,58,33,91,2809349
2020-07-26,19,14,7,2,56,42,98,1983340
2020-07-27,13,16,3,3,61,35,96,2107720
2020-07-28,7,10,4,2,55,23,78,2743651
2020-07-29,24,15,3,1,44,43,87,2232111
2020-07-30,9,14,5,2,65,30,95,3141525
2020-07-31,13,13,4,3,60,33,93,2500762
2020-08-01,9,13,6,1,51,29,80,2087924
2020-08-02,17,15,2,2,52,36,88,2311696
2020-08-03,11,16,4,0,59,31,90,2926889
2020-08-04,18,13,2,2,63,35,98,3009901
2020-08-05,10,16,4,2,52,32,84,3583615
2020-08-06,21,13,3,2,60,39,99,2282850
2020-08-07,11,13,7,2,54,33,87,3876156
2020-08-08,6,12,3,0,57,21,78,2639533
2020-08-09,18,11,4,1,52,34,86,1851121
2020-08-10,11,11,5,2,46,29,75,1312711
2020-08-11,10,13,2,1,52,26,78,2848697
2020-08-12,11,14,2,0,59,27,86,2379138
2020-08-13,16,12,5,3,49,36,85,2439258
2020-08-14,11,22,5,0,55,38,93,2742871
2020-08-15,11,22,7,1,76,41,117,3088932
2020-08-16,16,8,2,2,57,28,85,3675894
2020-08-17,13,16,6,2,43,37,80,1431769
2020-08-18,17,10,7,2,60,36,96,3176628
2020-08-19,13,16,3,2,51,34,85,2155953
2020-08-20,17,21,4,3,59,45,104,3312225
2020-08-21,12,8,4,0,43,24,67,1481148
2020-08-22,9,15,3,0,45,27,72,2764625
2020-08-23,15,15,3,0,55,33,88,2064371
2020-08-24,9,12,1,0,43,22,65,1290965
2020-08-25,6,10,2,0,56,18,74,2289426
2020-08-26,8,12,3,0,42,23,65,2033780
2020-08-27,10,14,6,5,41,35,76,1436519
2020-08-28,16,17,3,0,38,36,74,2168011
2020-08-29,17,16,3,3,44,39,83,2046014
2020-08-30,12,17,5,3,47,37,84,1832276
2020-08-31,15,14,4,1,43,34,77,2644297
2020-09-01,17,10,2,3,54,32,86,2638977
2020-09-02,15,20,3,0,43,38,81,1992833
2020-09-03,13,17,8,3,46,41,87,2125030
2020-09-04,10,9,3,1,57,23,80,3449817
2020-09-05,12,13,2,3,52,30,82,1618398
2020-09-06,23,17,3,2,46,45,91,1871421
2020-09-07,19,23,1,0,59,43,102,2014117
2020-09-08,13,15,2,2,52,32,84,1940393
2020-09-09,13,23,5,3,51,44,95,2929609
2020-09-10,19,17,5,3,42,44,86,2688601
2020-09-11,6,17,5,4,61,32,93,2173240
2020-09-12,17,17,8,2,55,44,99,3534206
2020-09-13,9,16,2,2,62,29,91,2923009
2020-09-14,13,13,1,0,40,27,67,1220274
2020-09-15,11,11,2,0,45,24,69,2319560
2020-09-16,14,17,7,2,51,40,91,1885171
2020-09-17,20,14,4,1,55,39,94,3937886
2020-09-18,18,11,4,1,50,34,84,1963906
2020-09-19,19,24,6,0,43,49,92,1215195
2020-09-20,15,11,5,3,57,34,91,2693384
2020-09-21,23,22,7,1,53,53,106,2552761
2020-09-22,14,21,5,1,54,41,95,2260655
2020-09-23,11,14,3,2,47,30,77,2611093
2020-09-24,16,14,3,3,57,36,93,2338522
2020-09-25,17,18,4,2,60,41,101,2817983
2020-09-26,19,20,2,1,41,42,83,1796742
2020-09-27,18,23,4,1,66,46,112,2887670
2020-09-28,21,18,11,1,40,51,91,1779861
2020-09-29,11,12,7,1,41,31,72,1891190
2020-09-30,20,16,5,0,53,41,94,2032495
2020-10-01,15,14,5,2,52,36,88,2489704
2020-10-02,13,17,2,4,54,36,90,2590432
2020-10-03,17,20,2,3,65,42,107,4027033
2020-10-04,12,18,4,2,52,36,88,1203023
2020-10-05,17,18,3,1,49,39,88,2684992
2020-10-06,11,12,5,0,72,28,100,2795373
2020-10-07,16,16,6,2,60,40,100,2456157
2020-10-08,22,15,6,3,62,46,108,2726675
2020-10-09,10,22,4,0,52,36,88,3185554
2020-10-10,11,22,6,0,47,39,86,1676558
2020-10-11,10,15,3,0,40,28,68,1577014
2020-10-12,15,15,1,2,44,33,77,1452391
2020-10-13,15,10,1,0,37,26,63,1643005
2020-10-14,9,11,0,0,40,20,60,1209036
2020-10-15,9,14,2,2,68,27,95,3484670
2020-10-16,12,15,0,1,44,28,72,2625611
2020-10-17,10,20,3,2,43,35,78,2493052
2020-10-18,8,9,3,6,57,26,83,2406624
2020-10-19,11,12,5,1,42,29,71,2326438
2020-10-20,10,16,9,1,50,36,86,1859726
2020-10-21,18,11,2,1,60,32,92,2842377
2020-10-22,13,16,4,3,53,36,89,2528002
2020-10-23,13,23,4,4,55,44,99,2346930
2020-10-24,14,17,5,2,59,38,97,1937829
2020-10-25,8,16,3,3,45,30,75,2296556
2020-10-26,12,18,5,2,53,37,90,2355158
2020-10-27,13,15,5,2,55,35,90,1550429
2020-10-28,19,13,2,3,57,37,94,1658470
2020-10-29,14,15,2,1,45,32,77,2259255
2020-10-30,9,17,4,2,58,32,90,2361486
2020-10-31,17,18,6,1,44,42,86,2633204
2020-11-01,17,11,6,1,51,35,86,3766666
2020-11-02,12,12,4,2,55,30,85,2508706
2020-11-03,13,11,4,3,52,31,83,3072625
2020-11-04,13,19,2,0,47,34,81,2680839
2020-11-05,16,16,3,4,49,39,88,2102578
2020-11-06,13,12,0,2,34,27,61,580007
2020-11-07,9,9,1,0,42,19,61,2235242
2020-11-08,7,8,1,0,41,16,57,2100018
2020-11-09,10,9,4,0,43,23,66,2197319
2020-11-10,11,14,3,2,59,30,89,1997074
2020-11-11,15,18,4,1,55,38,93,2881938
2020-11-12,8,10,2,2,49,22,71,960961
2020-11-13,6,14,0,2,31,22,53,1135696
2020-11-14,11,12,2,0,35,25,60,1371598
2020-11-15,9,11,3,0,30,23,53,455472
2020-11-16,9,13,0,0,27,22,49,715837
2020-11-17,9,11,1,1,42,22,64,1715650
2020-11-18,5,7,4,4,34,20,54,963418
2020-11-19,8,13,2,2,34,25,59,600973
2020-11-20,6,13,3,1,30,23,53,966685
2020-11-21,9,7,1,0,36,17,53,1649091
2020-11-22,9,18,2,0,36,29,65,1299060
2020-11-23,3,5,2,4,29,14,43,642666
2020-11-24,12,14,4,0,31,30,61,260933
2020-11-25,9,8,1,1,41,19,60,855478
2020-11-26,8,10,2,3,34,23,57,754613
2020-11-27,6,11,4,1,42,22,64,1552465
2020-11-28,6,9,3,1,44,19,63,689170
2020-11-29,8,7,3,1,38,19,57,806326
2020-11-30,6,10,2,1,38,19,57,607731
2020-12-01,10,7,4,1,34,22,56,1193412
2020-12-02,10,9,6,1,54,26,80,2181178
2020-12-03,13,12,2,3,56,30,86,3286019
2020-12-04,7,8,3,4,54,22,76,2418631
2020-12-05,13,9,4,0,45,26,71,2966443
2020-12-06,10,8,4,0,26,22,48,1753346
2020-12-07,4,8,0,0,41,12,53,1210877
2020-12-08,12,10,3,1,25,26,51,369612
2020-12-09,7,13,1,1,40,22,62,1836815
2020-12-10,10,13,0,2,30,25,55,930816
2020-12-11,8,11,2,1,37,22,59,1328077
2020-12-12,4,10,1,2,31,17,48,1002940
2020-12-13,6,9,1,2,35,18,53,719467
2020-12-14,10,5,1,1,42,17,59,857137
2020-12-15,10,10,2,2,29,24,53,1397123
2020-12-16,13,14,3,0,29,30,59,1029798
2020-12-17,7,6,2,2,38,17,55,1314917
2020-12-18,4,15,2,2,30,23,53,636630
2020-12-19,7,13,3,1,32,24,56,553076
2020-12-20,9,10,0,1,43,20,63,1061470
2020-12-21,4,8,1,0,32,13,45,1123926
2020-12-22,4,6,3,1,38,14,52,1731722
2020-12-23,15,8,1,2,41,26,67,1934185
2020-12-24,7,8,3,2,35,20,55,850672
2020-12-25,10,13,4,2,34,29,63,1786255
2020-12-26,11,3,0,0,57,14,71,985136
2020-12-27,11,7,2,0,39,20,59,1425392
2020-12-28,9,13,1,1,34,24,58,391817
2020-12-29,6,15,2,0,40,23,63,1281476
2020-12-30,8,8,3,3,43,22,65,1446398
2020-12-31,13,9,3,1,44,26,70,1832402
2021-01-01,8,14,1,0,43,23,66,758317
2021-01-02,11,4,4,2,43,21,64,1296630
2021-01-03,5,16,1,1,43,23,66,1545637
2021-01-04,10,5,2,1,33,18,51,806470
2021-01-05,14,9,1,0,47,24,71,2036510
2021-01-06,9,12,4,2,42,27,69,1018448
2021-01-07,12,8,1,0,38,21,59,1919987
2021-01-08,6,12,1,1,34,20,54,1129927
2021-01-09,6,14,1,2,40,23,63,935549
2021-01-10,5,5,2,1,30,13,43,595034
2021-01-11,9,13,2,1,39,25,64,825311
2021-01-12,10,8,5,1,35,24,59,1142436
2021-01-13,5,17,2,1,37,25,62,1532549
2021-01-14,11,13,1,2,37,27,64,1340906
2021-01-15,11,16,2,0,43,29,72,1583492
2021-01-16,8,10,2,1,45,21,66,2264517
2021-01-17,6,16,2,2,46,26,72,2052758
2021-01-18,17,17,5,1,46,40,86,2334880
2021-01-19,9,28,8,3,55,48,103,2120141
2021-01-20,10,14,3,2,53,29,82,2553224
2021-01-21,11,10,6,1,42,28,70,2749725
2021-01-22,12,9,2,2,33,25,58,1154838
2021-01-23,10,10,0,0,36,20,56,980782
2021-01-24,7,9,0,1,26,17,43,511370
2021-01-25,5,9,1,0,41,15,56,2600956
2021-01-26,6,7,0,4,44,17,61,2623826
2021-01-27,14,12,6,0,52,32,84,2189447
2021-01-28,10,9,2,1,52,22,74,2469421
2021-01-29,14,19,5,1,48,39,87,2136795
2021-01-30,11,14,1,1,42,27,69,1693139
2021-01-31,5,10,4,4,37,23,60,2268087
2021-02-01,10,7,6,1,39,24,63,1662502
2021-02-02,9,15,3,2,36,29,65,1320756
2021-02-03,7,8,1,3,49,19,68,2921095
2021-02-04,16,9,4,0,56,29,85,2706965
2021-02-05,14,7,3,0,46,24,70,2015514
2021-02-06,6,7,4,2,45,19,64,2892064
2021-02-07,9,13,1,1,39,24,63,1576669
2021-02-08,8,7,4,0,37,19,56,1817072
2021-02-09,8,6,3,2,50,19,69,2057499
2021-02-10,10,16,2,2,39,30,69,1392070
2021-02-11,16,13,4,5,40,38,78,1961727
2021-02-12,9,12,6,2,64,29,93,3455165
2021-02-13,13,10,3,0,47,26,73,2310183
2021-02-14,8,9,3,1,55,21,76,2887967
2021-02-15,15,21,4,0,62,40,102,2457892
2021-02-16,19,11,6,1,44,37,81,2393318
2021-02-17,12,14,4,2,45,32,77,1854388
2021-02-18,11,12,1,3,43,27,70,2071912
2021-02-19,15,11,2,1,49,29,78,2320106
2021-02-20,12,9,5,0,36,26,62,1361059
2021-02-21,6,9,2,0,29,17,46,832483
2021-02-22,13,11,1,2,33,27,60,1315157
2021-02-23,10,8,2,3,44,23,67,2860352
2021-02-24,9,10,2,1,30,22,52,467784
2021-02-25,12,11,2,1,50,26,76,2270680
2021-02-26,9,8,1,0,33,18,51,1684595
2021-02-27,9,11,0,4,40,24,64,787010
2021-02-28,8,7,1,1,19,17,36,276926
2021-03-01,15,12,1,2,42,30,72,1809307
2021-03-02,11,17,2,3,45,33,78,2112349
2021-03-03,14,12,5,1,48,32,80,2066534
2021-03-04,13,5,2,0,49,20,69,2553893
2021-03-05,12,17,1,1,44,31,75,2004951
2021-03-06,14,9,5,0,38,28,66,1716303
2021-03-07,2,8,1,2,27,13,40,953938
2021-03-08,12,15,2,3,33,32,65,1046824
2021-03-09,9,13,4,4,50,30,80,2398894
2021-03-10,6,9,2,0,26,17,43,858417
2021-03-11,17,8,1,2,53,28,81,3852469
2021-03-12,9,12,0,1,46,22,68,1390575
2021-03-13,9,10,4,2,35,25,60,1509569
2021-03-14,8,11,4,0,39,23,62,1546336
2021-03-15,11,17,3,1,49,32,81,2420719
2021-03-16,13,16,2,3,54,34,88,2776452
2021-03-17,11,8,0,1,37,20,57,2827332
2021-03-18,14,12,1,0,37,27,64,1523732
2021-03-19,12,14,5,3,53,34,87,2201709
2021-03-20,9,14,2,5,40,30,70,2254040
2021-03-21,5,10,4,1,39,20,59,2555770
2021-03-22,9,8,1,0,45,18,63,1481268
2021-03-23,15,16,1,8,45,40,85,1922243
2021-03-24,16,14,2,0,56,32,88,3165455
2021-03-25,15,12,0,2,61,29,90,2390031
2021-03-26,11,10,2,1,34,24,58,1176847
2021-03-27,13,11,3,5,53,32,85,2093205
2021-03-28,12,13,1,0,42,26,68,1656511
2021-03-29,13,10,6,3,48,32,80,1471125
2021-03-30,17,11,4,3,55,35,90,2291525
2021-03-31,16,19,3,2,52,40,92,2021023
2021-04-01,22,23,7,0,60,52,112,2489377
2021-04-02,12,16,2,1,49,31,80,2502396
2021-04-03,13,13,7,3,65,36,101,4453617
2021-04-04,12,10,2,2,63,26,89,3408932
2021-04-05,8,11,4,0,50,23,73,2007289
2021-04-06,14,17,0,2,26,33,59,1183906
2021-04-07,14,14,1,4,68,33,101,2819348
2021-04-08,12,19,7,1,63,39,102,2829979
2021-04-09,21,17,3,3,71,44,115,2465141
2021-04-10,8,19,6,2,59,35,94,1973746
2021-04-11,13,15,4,1,47,33,80,2117058
2021-04-12,10,13,5,3,42,31,73,2836800
2021-04-13,2,9,2,2,42,15,57,2460066
2021-04-14,8,7,5,0,37,20,57,1443194
2021-04-15,19,12,3,3,45,37,82,2467821
2021-04-16,16,14,3,2,58,35,93,2517647
2021-04-17,19,13,1,0,61,33,94,3224553
2021-04-18,9,19,4,1,50,33,83,2911981
2021-04-19,17,16,4,0,47,37,84,2826169
2021-04-20,14,20,5,2,62,41,103,3707946
2021-04-21,18,13,4,11,53,46,99,2472293
2021-04-22,22,16,4,3,60,45,105,2878984
2021-04-23,14,18,3,0,57,35,92,2155422
2021-04-24,16,22,5,2,59,45,104,2872051
2021-04-25,13,15,3,1,46,32,78,1959323
2021-04-26,10,9,2,3,50,24,74,3044301
2021-04-27,14,16,7,1,42,38,80,2097330
2021-04-28,12,12,1,3,47,28,75,2527825
2021-04-29,10,13,5,3,42,31,73,996553
2021-04-30,13,14,6,0,41,33,74,2040979
2021-05-01,12,14,5,3,34,34,68,1597983
2021-05-02,15,10,2,1,53,28,81,2017922
2021-05-03,7,12,2,0,64,21,85,2853367
2021-05-04,9,10,4,6,44,29,73,1414667
2021-05-05,8,11,0,2,38,21,59,2378220
2021-05-06,10,14,4,0,55,28,83,4242514
2021-05-07,19,13,3,3,56,38,94,2435667
2021-05-08,13,21,4,3,63,41,104,2567874
2021-05-09,8,9,2,1,49,20,69,2351311
2021-05-10,14,20,2,3,46,39,85,2480712
2021-05-11,12,22,4,3,60,41,101,3353633
2021-05-12,18,22,4,2,52,46,98,3031424
2021-05-13,13,13,5,4,69,35,104,3203837
2021-05-14,17,10,4,1,56,32,88,2827271
2021-05-15,7,6,0,1,49,14,63,2738005
2021-05-16,13,13,10,0,44,36,80,1841541
2021-05-17,12,20,2,4,46,38,84,1877568
2021-05-18,14,11,4,2,52,31,83,3475533
2021-05-19,12,15,3,4,52,34,86,2303558
2021-05-20,11,17,5,2,50,35,85,2349478
2021-05-21,15,21,3,1,49,40,89,3051958
2021-05-22,12,18,2,1,56,33,89,2793287
2021-05-23,10,11,4,1,60,26,86,2250044
2021-05-24,12,11,4,4,56,31,87,2147805
2021-05-25,10,9,4,4,50,27,77,3119163
2021-05-26,15,10,5,2,52,32,84,1616472
2021-05-27,20,10,3,1,52,34,86,2646773
2021-05-28,16,18,3,1,45,38,83,1499640
2021-05-29,12,19,2,3,56,36,92,2040097
2021-05-30,13,16,2,1,62,32,94,2511209
2021-05-31,15,15,5,0,56,35,91,2763244
2021-06-01,19,25,2,1,58,47,105,2863438
2021-06-02,14,10,3,2,61,29,90,2406501
2021-06-03,15,10,3,3,67,31,98,3087043
2021-06-04,17,20,1,4,55,42,97,2853996
2021-06-05,20,17,2,2,57,41,98,3698999
2021-06-06,17,22,1,2,46,42,88,1997408
2021-06-07,11,10,1,1,60,23,83,2669625
2021-06-08,8,12,1,2,51,23,74,2786037
2021-06-09,16,20,5,1,51,42,93,2930976
2021-06-10,18,24,3,3,44,48,92,1747649
2021-06-11,13,17,5,1,60,36,96,2967411
2021-06-12,21,17,4,3,48,45,93,2105518
2021-06-13,12,13,3,3,60,31,91,2483032
2021-06-14,16,16,4,2,48,38,86,3144611
2021-06-15,16,19,5,1,49,41,90,2358723
2021-06-16,16,18,5,2,63,41,104,2486275
2021-06-17,15,14,3,1,59,33,92,2837639
2021-06-18,14,10,2,2,68,28,96,3471598
2021-06-19,18,14,1,2,51,35,86,2724144
2021-06-20,13,15,7,2,52,37,89,2658482
2021-06-21,12,16,1,0,61,29,90,2956069
2021-06-22,16,12,3,1,65,32,97,2845713
2021-06-23,17,15,2,4,56,38,94,3489995
2021-06-24,17,13,2,2,50,34,84,2070315
2021-06-25,14,19,2,4,69,39,108,2938032
2021-06-26,12,18,5,3,50,38,88,2207656
2021-06-27,15,12,2,0,45,29,74,3195596
2021-06-28,14,14,1,1,64,30,94,3590437
2021-06-29,16,15,1,1,53,33,86,1906189
2021-06-30,10,14,5,1,56,30,86,2348132
2021-07-01,16,16,5,3,58,40,98,1878191
2021-07-02,22,8,2,0,61,32,93,2623401
2021-07-03,16,15,4,1,51,36,87,3803649
2021-07-04,9,16,3,4,50,32,82,2510046
2021-07-05,15,17,2,2,51,36,87,2574957
2021-07-06,12,14,4,1,47,31,78,1354947
2021-07-07,17,19,1,4,65,41,106,4080279
2021-07-08,17,16,2,1,48,36,84,2260210
2021-07-09,19,13,4,5,54,41,95,2422290
2021-07-10,12,9,5,1,55,27,82,2307435
2021-07-11,9,9,2,1,56,21,77,2717637
2021-07-12,13,10,3,3,58,29,87,2071570
2021-07-13,11,18,2,0,44,31,75,2759452
2021-07-14,13,14,1,2,62,30,92,2979381
2021-07-15,16,16,2,0,44,34,78,1966684
2021-07-16,13,11,3,3,51,30,81,2787869
2021-07-17,11,13,0,1,53,25,78,2067291
2021-07-18,8,9,1,2,51,20,71,2020902
2021-07-19,15,10,5,1,58,31,89,3242353
2021-07-20,15,14,1,1,60,31,91,2196062
2021-07-21,8,9,7,0,58,24,82,2303529
2021-07-22,13,15,0,3,55,31,86,2374883
2021-07-23,17,14,1,1,65,33,98,4133137
2021-07-24,13,15,4,2,38,34,72,1749786
2021-07-25,9,12,3,3,53,27,80,2253319
2021-07-26,14,17,2,1,61,34,95,3346304
2021-07-27,14,18,1,5,61,38,99,2852912
2021-07-28,14,12,1,1,68,28,96,3522210
2021-07-29,16,7,4,2,48,29,77,2650820
2021-07-30,15,16,2,0,51,33,84,1394975
2021-07-31,11,10,1,3,58,25,83,3069071
2021-08-01,13,18,5,2,49,38,87,1730456
2021-08-02,11,12,3,1,57,27,84,2665146
2021-08-03,24,13,3,1,52,41,93,3191420
2021-08-04,7,18,4,2,63,31,94,2530884
2021-08-05,10,21,2,3,55,36,91,2552702
2021-08-06,16,19,3,4,60,42,102,3006278
2021-08-07,10,24,2,2,53,38,91,1277717
2021-08-08,16,10,3,2,57,31,88,3366217
2021-08-09,10,23,5,2,53,40,93,2655395
2021-08-10,14,14,3,0,52,31,83,3183008
2021-08-11,12,14,2,2,38,30,68,1390788
2021-08-12,15,12,4,4,47,35,82,2746786
2021-08-13,14,18,6,5,55,43,98,3390788
2021-08-14,17,14,6,2,53,39,92,2867969
2021-08-15,7,16,4,1,52,28,80,2893769
2021-08-16,12,15,4,1,40,32,72,1658427
2021-08-17,11,7,1,1,42,20,62,2087415
2021-08-18,9,5,6,3,39,23,62,1976198
2021-08-19,14,15,3,1,42,33,75,2307645
2021-08-20,7,11,2,4,49,24,73,2663068
2021-08-21,18,16,3,1,62,38,100,4058581
2021-08-22,12,15,2,2,42,31,73,2504894
2021-08-23,9,14,3,5,53,31,84,2286313
2021-08-24,18,12,6,1,46,37,83,2680598
2021-08-25,7,11,2,3,41,23,64,2269804
2021-08-26,14,15,4,1,61,34,95,2641917
2021-08-27,12,19,2,2,58,35,93,2268679
2021-08-28,12,19,3,1,54,35,89,2036677
2021-08-29,15,17,2,2,47,36,83,2490646
2021-08-30,14,10,6,0,50,30,80,2653990
2021-08-31,10,17,4,2,61,33,94,2353788
2021-09-01,17,10,2,3,48,32,80,1975412
2021-09-02,8,19,1,3,58,31,89,3012171
2021-09-03,16,17,4,1,50,38,88,3308101
2021-09-04,10,15,3,0,50,28,78,2760683
2021-09-05,9,10,4,1,51,24,75,3307359
2021-09-06,14,18,3,0,44,35,79,2558370
2021-09-07,9,13,2,2,44,26,70,1838482
2021-09-08,15,13,3,1,55,32,87,2301806
2021-09-09,15,16,4,1,59,36,95,2693979
2021-09-10,11,15,0,3,50,29,79,2222447
2021-09-11,11,17,3,1,43,32,75,2039938
2021-09-12,16,11,1,1,46,29,75,1605431
2021-09-13,12,13,1,1,53,27,80,2982585
2021-09-14,19,17,3,1,56,40,96,2225294
2021-09-15,15,17,2,4,56,38,94,2896228
2021-09-16,19,20,2,4,65,45,110,3711283
2021-09-17,15,22,2,2,53,41,94,2466735
2021-09-18,13,19,8,2,60,42,102,3204525
2021-09-19,9,10,4,0,53,23,76,2744624
2021-09-20,9,14,1,1,58,25,83,2547622
2021-09-21,16,10,5,0,45,31,76,2003521
2021-09-22,18,18,4,1,47,41,88,2547811
2021-09-23,10,14,1,2,52,27,79,3029766
2021-09-24,15,16,5,4,59,40,99,3067845
2021-09-25,20,12,5,4,69,41,110,3159849
2021-09-26,14,9,1,1,59,25,84,2245190
2021-09-27,13,14,1,1,43,29,72,2631270
2021-09-28,15,14,2,1,50,32,82,2175559
2021-09-29,16,20,7,4,58,47,105,2354460
2021-09-30,18,19,3,2,57,42,99,2538310
2021-10-01,14,20,0,2,53,36,89,2311310
2021-10-02,10,13,2,3,58,28,86,1832229
2021-10-03,7,3,0,0,43,10,53,2389205
2021-10-04,14,14,2,3,46,33,79,3117513
2021-10-05,19,15,3,2,51,39,90,3327564
2021-10-06,12,13,10,4,58,39,97,2369897
2021-10-07,15,15,3,1,52,34,86,2706090
2021-10-08,17,17,3,1,76,38,114,3600673
2021-10-09,17,15,3,2,64,37,101,3403837
2021-10-10,18,19,2,1,54,40,94,2482762
2021-10-11,4,7,1,0,25,12,37,1765961
2021-10-12,7,13,1,2,46,23,69,3166867
2021-10-13,18,16,6,1,43,41,84,2052860
2021-10-14,9,17,3,4,62,33,95,2828305
2021-10-15,14,16,3,0,71,33,104,3117390
2021-10-16,16,16,3,2,58,37,95,1843725
2021-10-17,8,20,3,0,41,31,72,3346968
2021-10-18,11,14,0,0,63,25,88,3357944
2021-10-19,13,14,1,2,43,30,73,1568097
2021-10-20,18,17,4,1,51,40,91,3103699
2021-10-21,12,15,3,0,51,30,81,1928925
2021-10-22,7,9,2,2,45,20,65,2202915
2021-10-23,14,20,5,2,42,41,83,1352732
2021-10-24,9,19,2,3,53,33,86,2389266
2021-10-25,6,9,1,3,45,19,64,2639374
2021-10-26,9,18,3,1,40,31,71,2147647
2021-10-27,4,11,2,0,42,17,59,1666137
2021-10-28,8,13,4,1,38,26,64,2296911
2021-10-29,15,14,2,3,36,34,70,3136336
2021-10-30,15,10,2,3,54,30,84,3320742
2021-10-31,12,12,1,2,53,27,80,2255231
2021-11-01,8,19,5,3,69,35,104,2542885
2021-11-02,16,20,2,0,45,38,83,2177240
2021-11-03,15,20,2,2,54,39,93,2769662
2021-11-04,10,7,1,1,48,19,67,2086399
2021-11-05,10,12,1,2,54,25,79,2348757
2021-11-06,11,7,2,2,34,22,56,1142157
2021-11-07,7,10,2,1,24,20,44,1663783
2021-11-08,5,13,3,1,31,22,53,933315
2021-11-09,20,14,4,3,53,41,94,3061994
2021-11-10,14,18,3,1,47,36,83,2065283
2021-11-11,10,20,6,1,61,37,98,3667099
2021-11-12,12,14,3,2,41,31,72,2611193
2021-11-13,13,22,1,1,51,37,88,2417494
2021-11-14,11,15,0,2,53,28,81,3034571
2021-11-15,12,16,4,2,52,34,86,2076729
2021-11-16,12,15,1,2,64,30,94,4017453
2021-11-17,12,6,3,1,62,22,84,2586854
2021-11-18,17,21,2,1,33,41,74,930099
2021-11-19,8,16,2,5,52,31,83,2842185
2021-11-20,8,15,2,2,60,27,87,3093121
2021-11-21,12,19,2,1,59,34,93,1716403
2021-11-22,13,20,4,1,59,38,97,4097307
2021-11-23,14,19,5,4,66,42,108,3410227
2021-11-24,17,13,4,2,52,36,88,2235607
2021-11-25,19,15,7,1,62,42,104,2518037
2021-11-26,16,19,6,0,61,41,102,3091088
2021-11-27,16,20,6,5,52,47,99,2894177
2021-11-28,7,14,1,2,43,24,67,2374496
2021-11-29,7,21,5,3,50,36,86,2570814
2021-11-30,10,18,2,1,39,31,70,1990814
2021-12-01,8,14,4,5,57,31,88,3010003
2021-12-02,12,13,1,2,43,28,71,2356215
2021-12-03,12,14,2,1,66,29,95,3821872
2021-12-04,11,10,5,1,46,27,73,2017014
2021-12-05,9,15,8,0,50,32,82,3477313
2021-12-06,8,9,1,1,42,19,61,2007603
2021-12-07,3,12,1,1,54,17,71,2510675
2021-12-08,7,13,0,1,39,21,60,2352832
2021-12-09,15,17,2,2,65,36,101,3288546
2021-12-10,12,17,2,2,55,33,88,3511157
2021-12-11,13,12,1,1,46,27,73,2012373
2021-12-12,14,8,4,0,51,26,77,2446825
2021-12-13,4,12,3,2,43,21,64,3673561
2021-12-14,11,11,4,3,57,29,86,2428945
2021-12-15,11,12,5,3,56,31,87,2760748
2021-12-16,8,13,1,0,35,22,57,1673578
2021-12-17,7,14,7,4,38,32,70,1826548
2021-12-18,14,20,4,2,59,40,99,2994636
2021-12-19,9,13,7,2,60,31,91,2671855
2021-12-20,13,12,3,1,49,29,78,1991382
2021-12-21,8,10,0,3,40,21,61,1062020
2021-12-22,8,18,2,1,42,29,71,3253692
2021-12-23,8,11,4,4,48,27,75,1537911
2021-12-24,14,14,4,2,64,34,98,3443681
2021-12-25,19,21,1,1,60,42,102,3417295
2021-12-26,14,20,2,1,49,37,86,2453843
2021-12-27,6,11,3,0,43,20,63,1936635
2021-12-28,6,14,4,0,45,24,69,2715834
2021-12-29,15,16,4,1,53,36,89,3304059
2021-12-30,10,8,2,2,43,22,65,2880154
2021-12-31,10,13,3,2,55,28,83,1741951
2022-01-01,8,9,3,1,39,21,60,2792960
2022-01-02,9,11,2,3,51,25,76,2154226
2022-01-03,12,4,2,1,54,19,73,3817549
2022-01-04,6,14,4,2,47,26,73,2019310
2022-01-05,8,13,5,4,46,30,76,2945916
2022-01-06,13,11,2,2,43,28,71,1162995
2022-01-07,12,6,3,1,44,22,66,2818187
2022-01-08,9,17,1,0,47,27,74,2806786
2022-01-09,6,13,0,1,62,20,82,3119552
2022-01-10,10,15,3,3,58,31,89,3394777
2022-01-11,13,6,2,3,47,24,71,2882543
2022-01-12,16,18,4,2,48,40,88,2196878
2022-01-13,8,9,1,1,58,19,77,2511275
2022-01-14,9,18,4,2,55,33,88,2777756
2022-01-15,12,8,3,2,45,25,70,2892083
2022-01-16,12,15,4,2,52,33,85,1950887
2022-01-17,6,15,5,0,49,26,75,3410981
2022-01-18,15,11,2,2,55,30,85,2485772
2022-01-19,16,18,2,2,44,38,82,1845604
2022-01-20,13,10,1,3,56,27,83,4371885
2022-01-21,10,10,0,1,49,21,70,2015734
2022-01-22,11,13,2,2,37,28,65,2010085
2022-01-23,13,15,2,2,39,32,71,1704688
2022-01-24,6,20,0,3,50,29,79,2549753
2022-01-25,9,14,2,4,60,29,89,3912134
2022-01-26,16,16,3,1,59,36,95,2730131
2022-01-27,16,11,4,2,66,33,99,3154085
2022-01-28,12,11,7,3,53,33,86,3749291
2022-01-29,16,13,4,2,68,35,103,2970060
2022-01-30,16,19,1,1,53,37,90,2347889
2022-01-31,10,23,2,1,53,36,89,2381643
2022-02-01,19,16,6,2,50,43,93,2347361
2022-02-02,10,17,2,3,56,32,88,3235562
2022-02-03,12,18,7,1,66,38,104,3133138
2022-02-04,19,11,3,2,63,35,98,3067891
2022-02-05,13,14,7,4,64,38,102,3317494
2022-02-06,11,16,2,2,53,31,84,2930168
2022-02-07,8,13,0,1,48,22,70,1800448
2022-02-08,17,20,3,4,54,44,98,2004839
2022-02-09,15,18,5,0,62,38,100,4138534
2022-02-10,16,15,2,5,54,38,92,2721007
2022-02-11,14,20,2,5,66,41,107,4329925
2022-02-12,16,20,2,3,65,41,106,3328419
2022-02-13,16,14,4,2,48,36,84,2036856
2022-02-14,10,13,2,0,53,25,78,2792032
2022-02-15,9,14,5,3,59,31,90,3090961
2022-02-16,20,20,7,1,53,48,101,2552118
2022-02-17,14,18,5,1,60,38,98,3194031
2022-02-18,16,19,2,0,56,37,93,3016880
2022-02-19,20,22,7,5,55,54,109,2688981
2022-02-20,11,14,1,4,69,30,99,3020171
2022-02-21,11,11,1,2,65,25,90,3833614
2022-02-22,9,8,0,3,58,20,78,2531891
2022-02-23,20,15,4,2,63,41,104,2190238
2022-02-24,16,17,5,2,50,40,90,2228851
2022-02-25,12,20,6,5,72,43,115,4284399
2022-02-26,12,19,3,1,64,35,99,3419909
2022-02-27,16,11,5,1,60,33,93,2929831
2022-02-28,11,12,4,2,42,29,71,1092434
2022-03-01,13,14,3,3,44,33,77,1860683
2022-03-02,12,12,3,1,56,28,84,2441547
2022-03-03,18,16,2,2,68,38,106,5120938
2022-03-04,12,18,4,1,54,35,89,1962512
2022-03-05,9,12,2,3,56,26,82,3771276
2022-03-06,13,19,2,4,61,38,99,2826339
2022-03-07,12,14,5,1,51,32,83,2384077
2022-03-08,10,17,3,3,63,33,96,3356148
2022-03-09,14,12,1,4,49,31,80,3207908
2022-03-10,14,22,6,3,67,45,112,2742943
2022-03-11,11,25,3,1,61,40,101,3252756
2022-03-12,21,20,6,3,52,50,102,3154091
2022-03-13,12,19,3,4,75,38,113,3907554
2022-03-14,15,19,8,3,64,45,109,2640731
2022-03-15,17,18,4,2,53,41,94,2569070
2022-03-16,8,20,6,2,70,36,106,3746923
2022-03-17,14,17,4,2,45,37,82,2136689
2022-03-18,4,9,0,1,39,14,53,1839557
2022-03-19,17,13,3,2,49,35,84,2646137
2022-03-20,11,13,6,1,54,31,85,2176373
2022-03-21,10,24,6,2,62,42,104,2577861
2022-03-22,14,17,6,1,61,38,99,3733690
2022-03-23,14,15,3,4,77,36,113,4030701
2022-03-24,20,23,3,1,70,47,117,3919248
2022-03-25,15,23,5,0,65,43,108,3489125
2022-03-26,16,13,5,2,67,36,103,3896175
2022-03-27,14,8,9,2,59,33,92,2014523
2022-03-28,7,17,1,1,47,26,73,2427290
2022-03-29,11,13,3,0,44,27,71,1607512
2022-03-30,14,16,2,3,37,35,72,1590908
2022-03-31,15,21,2,2,67,40,107,4692245
2022-04-01,17,14,3,3,74,37,111,3535991
2022-04-02,21,20,3,6,70,50,120,3174037
2022-04-03,17,12,2,1,69,32,101,3422579
2022-04-04,7,17,7,4,68,35,103,4870628
2022-04-05,18,24,2,2,57,46,103,1738993
2022-04-06,16,21,3,0,71,40,111,3424476
2022-04-07,12,14,5,2,67,33,100,3222741
2022-04-08,16,15,3,1,56,35,91,2820187
2022-04-09,17,22,6,1,59,46,105,4204545
2022-04-10,16,22,4,3,59,45,104,3638681
2022-04-11,14,13,1,1,57,29,86,2508343
2022-04-12,10,21,3,0,68,34,102,2855345
2022-04-13,18,21,4,4,54,47,101,2968139
2022-04-14,15,17,8,3,65,43,108,3155548
2022-04-15,15,8,2,0,73,25,98,2704923
2022-04-16,16,8,5,5,58,34,92,2383068
2022-04-17,11,13,5,2,67,31,98,4736329
2022-04-18,11,18,3,4,57,36,93,2520414
2022-04-19,17,14,1,2,63,34,97,3610334
2022-04-20,14,11,6,2,67,33,100,3577762
2022-04-21,19,22,4,1,47,46,93,2287135
2022-04-22,13,20,2,1,66,36,102,3240763
2022-04-23,18,16,3,4,73,41,114,3627524
2022-04-24,16,22,3,1,49,42,91,2493985
2022-04-25,17,13,5,1,59,36,95,2996226
2022-04-26,20,12,3,3,74,38,112,3062229
2022-04-27,18,13,3,2,68,36,104,3131469
2022-04-28,25,16,4,1,54,46,100,3230740
2022-04-29,16,14,3,2,62,35,97,2908018
2022-04-30,11,14,2,2,54,29,83,2405878
2022-05-01,10,16,4,2,60,32,92,1917539
2022-05-02,16,17,2,2,53,37,90,2567943
2022-05-03,16,10,4,0,66,30,96,3962050
2022-05-04,15,17,2,5,59,39,98,2279824
2022-05-05,10,18,6,3,69,37,106,2765187
2022-05-06,24,25,4,2,61,55,116,3172169
2022-05-07,26,12,4,2,66,44,110,2819907
2022-05-08,18,22,3,3,57,46,103,3661890
2022-05-09,13,14,1,2,61,30,91,2662827
2022-05-10,13,21,5,1,45,40,85,2339795
2022-05-11,16,17,2,3,65,38,103,3574313
2022-05-12,18,17,1,0,60,36,96,3430046
2022-05-13,13,9,2,0,32,24,56,1838170
2022-05-14,12,15,4,5,59,36,95,2425821
2022-05-15,8,11,1,4,46,24,70,2215638
2022-05-16,17,17,3,0,58,37,95,1912391
2022-05-17,20,20,4,2,62,46,108,3895466
2022-05-18,11,13,5,5,62,34,96,2130367
2022-05-19,15,25,5,1,60,46,106,2978587
2022-05-20,16,9,8,5,59,38,97,2553192
2022-05-21,17,22,7,1,59,47,106,3109559
2022-05-22,12,8,2,1,66,23,89,3895113
2022-05-23,9,14,3,0,62,26,88,2886446
2022-05-24,20,14,1,0,60,35,95,3210856
2022-05-25,20,13,2,3,52,38,90,2700948
2022-05-26,7,16,5,1,58,29,87,1576842
2022-05-27,15,16,2,4,70,37,107,4028117
2022-05-28,16,16,0,0,66,32,98,2643847
2022-05-29,14,19,3,5,62,41,103,3193880
2022-05-30,18,11,5,1,64,35,99,2555903
2022-05-31,15,12,4,1,65,32,97,2454506
2022-06-01,20,15,3,3,61,41,102,2315085
2022-06-02,18,20,2,5,71,45,116,3678818
2022-06-03,12,19,4,4,62,39,101,4160358
2022-06-04,18,15,3,3,48,39,87,1626351
2022-06-05,17,16,3,0,61,36,97,3412500
2022-06-06,12,11,1,5,67,29,96,2167050
2022-06-07,23,16,3,2,64,44,108,3763683
2022-06-08,23,26,5,1,64,55,119,3132889
2022-06-09,12,11,3,1,62,27,89,1805347
2022-06-10,21,15,1,4,79,41,120,4313716
2022-06-11,15,14,3,1,52,33,85,3401109
2022-06-12,14,10,2,2,60,28,88,2142259
2022-06-13,12,8,0,2,41,22,63,2106555
2022-06-14,15,21,5,0,68,41,109,5025407
2022-06-15,17,15,5,2,68,39,107,3338232
2022-06-16,19,18,2,3,69,42,111,3466191
2022-06-17,22,10,5,1,60,38,98,2183568
2022-06-18,13,13,4,2,52,32,84,3176625
2022-06-19,9,23,1,1,68,34,102,2697006
2022-06-20,19,14,1,3,56,37,93,2882250
2022-06-21,18,13,2,4,48,37,85,1511933
2022-06-22,19,20,2,2,63,43,106,4099101
2022-06-23,16,19,3,4,47,42,89,2038388
2022-06-24,12,19,4,0,50,35,85,3800553
2022-06-25,20,24,4,2,68,50,118,3422479
2022-06-26,14,10,6,1,63,31,94,3771129
2022-06-27,13,20,3,1,72,37,109,3021130
2022-06-28,17,16,1,2,54,36,90,2273120
2022-06-29,17,20,3,2,57,42,99,2175875
2022-06-30,19,19,1,3,74,42,116,3226950
2022-07-01,15,15,5,3,55,38,93,2465171
2022-07-02,16,12,6,3,55,37,92,3714434
2022-07-03,6,17,3,3,59,29,88,4103430
2022-07-04,14,23,1,2,71,40,111,3592687
2022-07-05,16,8,2,0,58,26,84,3274990
2022-07-06,18,12,7,2,57,39,96,2313670
2022-07-07,9,16,2,3,50,30,80,3080036
2022-07-08,16,14,3,1,66,34,100,4261633
2022-07-09,17,18,2,4,55,41,96,2954944
2022-07-10,11,15,2,2,55,30,85,2626293
2022-07-11,8,13,3,3,56,27,83,2966753
2022-07-12,17,10,5,0,48,32,80,2279545
2022-07-13,15,18,4,2,48,39,87,2131613
2022-07-14,18,13,4,4,78,39,117,3533686
2022-07-15,15,12,2,1,76,30,106,4607232
2022-07-16,19,12,4,6,55,41,96,3083197
2022-07-17,12,15,5,0,61,32,93,2955510
2022-07-18,18,14,2,3,66,37,103,3493344
2022-07-19,14,9,1,1,47,25,72,2552005
2022-07-20,17,17,3,2,61,39,100,3730238
2022-07-21,14,17,6,3,72,40,112,2751124
2022-07-22,12,8,2,0,58,22,80,2961657
2022-07-23,12,13,2,3,57,30,87,2980929
2022-07-24,15,13,2,3,64,33,97,2343755
2022-07-25,14,11,5,2,62,32,94,3022195
2022-07-26,15,17,8,0,64,40,104,2507512
2022-07-27,10,12,1,3,62,26,88,2963686
2022-07-28,15,14,2,3,49,34,83,2475914
2022-07-29,15,15,4,0,46,34,80,2563885
2022-07-30,10,22,4,1,64,37,101,2559153
2022-07-31,19,16,4,2,60,41,101,3675096
2022-08-01,16,12,6,1,55,35,90,3466531
2022-08-02,20,21,5,2,50,48,98,2153204
2022-08-03,16,27,6,5,61,54,115,2338951
2022-08-04,17,23,5,0,58,45,103,3127695
2022-08-05,17,17,0,7,71,41,112,3800412
2022-08-06,17,13,3,1,61,34,95,3447564
2022-08-07,21,12,2,2,65,37,102,1959682
2022-08-08,16,20,3,3,53,42,95,3392709
2022-08-09,16,18,3,2,49,39,88,1914035
2022-08-10,17,17,2,2,72,38,110,3865102
2022-08-11,17,14,6,5,67,42,109,2860910
2022-08-12,10,19,5,1,66,35,101,2840081
2022-08-13,18,17,2,2,59,39,98,2427151
2022-08-14,11,18,3,0,54,32,86,3439456
2022-08-15,13,19,2,2,62,36,98,2384601
2022-08-16,17,16,3,5,63,41,104,3083127
2022-08-17,21,14,6,5,72,46,118,4335243
2022-08-18,17,13,7,2,65,39,104,3176972
2022-08-19,29,15,6,3,72,53,125,2542736
2022-08-20,17,13,1,1,66,32,98,2869528
2022-08-21,12,15,4,2,55,33,88,3124429
2022-08-22,15,16,6,1,54,38,92,3171139
2022-08-23,19,17,2,2,65,40,105,2441331
2022-08-24,13,19,7,2,62,41,103,3560381
2022-08-25,17,19,6,1,68,43,111,2515229
2022-08-26,21,24,4,0,61,49,110,3671079
2022-08-27,18,27,5,2,62,52,114,3309485
2022-08-28,21,22,5,4,70,52,122,3241982
2022-08-29,15,23,1,2,61,41,102,3308327
2022-08-30,17,26,4,0,58,47,105,1947092
2022-08-31,15,17,5,2,63,39,102,5053925
2022-09-01,17,25,5,3,68,50,118,3261814
2022-09-02,18,11,3,3,65,35,100,3327977
2022-09-03,11,23,8,2,64,44,108,3930097
2022-09-04,19,16,5,1,63,41,104,4233805
2022-09-05,12,11,4,3,63,30,93,4302572
2022-09-06,16,22,2,3,51,43,94,1525854
2022-09-07,16,15,4,0,45,35,80,2431216
2022-09-08,11,17,6,3,52,37,89,3751378
2022-09-09,18,24,4,3,56,49,105,2650359
2022-09-10,14,19,3,1,71,37,108,2560909
2022-09-11,10,12,2,1,72,25,97,3497274
2022-09-12,22,19,2,4,68,47,115,2898975
2022-09-13,18,14,3,1,60,36,96,2962287
2022-09-14,20,24,12,2,55,58,113,3102888
2022-09-15,15,17,7,3,70,42,112,4008714
2022-09-16,18,13,5,1,69,37,106,2222365
2022-09-17,16,9,1,3,57,29,86,2370902
2022-09-18,13,25,1,0,46,39,85,2723124
2022-09-19,11,13,4,1,45,29,74,2268901
2022-09-20,17,15,6,3,60,41,101,3187709
2022-09-21,14,13,5,1,62,33,95,3013860
2022-09-22,18,9,2,1,60,30,90,2594417
2022-09-23,16,14,3,0,68,33,101,2481434
2022-09-24,19,24,9,6,63,58,121,3194479
2022-09-25,17,13,5,1,73,36,109,3916092
2022-09-26,19,27,3,0,51,49,100,1540557
2022-09-27,16,12,3,0,49,31,80,2052226
2022-09-28,12,11,2,4,59,29,88,2529130
2022-09-29,5,21,3,0,63,29,92,2712618
2022-09-30,18,14,3,2,61,37,98,3480062
2022-10-01,13,15,2,3,61,33,94,3620718
2022-10-02,13,19,5,2,54,39,93,2173620
2022-10-03,11,14,0,2,55,27,82,4019379
2022-10-04,13,14,4,2,56,33,89,4039750
2022-10-05,14,21,4,4,66,43,109,3352375
2022-10-06,14,15,4,2,50,35,85,1949122
2022-10-07,16,21,5,3,63,45,108,3030196
2022-10-08,15,16,4,3,61,38,99,2478850
2022-10-09,19,16,3,0,60,38,98,2501148
2022-10-10,22,18,2,2,51,44,95,2333721
2022-10-11,15,16,5,2,56,38,94,1949614
2022-10-12,20,19,4,4,67,47,114,3288702
2022-10-13,16,16,5,1,65,38,103,3305308
2022-10-14,18,20,5,3,57,46,103,2269104
2022-10-15,17,17,6,2,66,42,108,3381621
2022-10-16,17,15,2,1,61,35,96,3671928
2022-10-17,17,15,6,3,66,41,107,4327157
2022-10-18,18,23,3,2,54,46,100,2172782
2022-10-19,17,16,7,2,72,42,114,3353753
2022-10-20,13,13,2,3,58,31,89,2348272
2022-10-21,18,13,7,4,67,42,109,2702935
2022-10-22,16,17,6,0,60,39,99,2954589
2022-10-23,18,20,7,2,71,47,118,1808463
2022-10-24,16,13,2,2,71,33,104,4501770
2022-10-25,20,21,3,3,64,47,111,2979996
2022-10-26,14,16,6,3,69,39,108,3389940
2022-10-27,20,16,6,2,70,44,114,3174477
2022-10-28,14,23,1,8,77,46,123,3651303
2022-10-29,9,17,1,1,59,28,87,2892501
2022-10-30,21,18,5,2,60,46,106,3074569
2022-10-31,11,12,5,1,46,29,75,2324696
2022-11-01,21,17,1,2,54,41,95,3623551
2022-11-02,15,10,3,1,59,29,88,3735233
2022-11-03,20,15,5,6,61,46,107,3125065
2022-11-04,10,15,1,2,43,28,71,2941586
2022-11-05,13,10,4,3,49,30,79,2504483
2022-11-06,12,16,3,1,44,32,76,2863904
2022-11-07,11,21,3,0,52,35,87,2595177
2022-11-08,12,22,1,3,60,38,98,2314018
2022-11-09,14,10,2,1,45,27,72,3100576
2022-11-10,18,14,4,3,54,39,93,3014190
2022-11-11,16,20,4,3,74,43,117,3807063
2022-11-12,12,22,8,1,46,43,89,2142064
2022-11-13,10,9,6,1,49,26,75,3233964
2022-11-14,11,8,2,2,34,23,57,1186104
2022-11-15,10,7,3,3,47,23,70,2515694
2022-11-16,14,18,6,4,46,42,88,3758967
2022-11-17,21,9,2,1,66,33,99,3998417
2022-11-18,17,15,5,5,59,42,101,2605425
2022-11-19,8,10,2,1,34,21,55,1324729
2022-11-20,12,13,2,2,59,29,88,2270513
2022-11-21,13,9,1,2,37,25,62,1880843
2022-11-22,13,10,1,1,46,25,71,1280215
2022-11-23,18,21,3,3,46,45,91,2958695
2022-11-24,11,8,6,3,49,28,77,2916907
2022-11-25,13,10,5,0,57,28,85,2064616
2022-11-26,11,12,4,1,39,28,67,1968528
2022-11-27,13,14,6,1,57,34,91,2641411
2022-11-28,14,18,3,4,57,39,96,1770692
2022-11-29,20,14,4,5,57,43,100,2559702
2022-11-30,15,17,5,1,61,38,99,3587959
2022-12-01,17,14,3,4,50,38,88,2220075
2022-12-02,12,13,3,3,55,31,86,3294861
2022-12-03,14,11,2,4,52,31,83,3570841
2022-12-04,9,12,4,1,50,26,76,3020762
2022-12-05,17,8,3,1,48,29,77,2375601
2022-12-06,17,16,2,1,41,36,77,1269782
2022-12-07,7,19,3,3,49,32,81,3510004
2022-12-08,12,8,5,3,47,28,75,1936419
2022-12-09,12,17,4,2,36,35,71,1854515
2022-12-10,16,17,1,0,48,34,82,2469738
2022-12-11,11,15,6,2,40,34,74,1826703
2022-12-12,13,15,4,4,49,36,85,3221438
2022-12-13,11,14,0,1,50,26,76,1512575
2022-12-14,11,14,1,3,40,29,69,3408085
2022-12-15,14,8,6,3,53,31,84,3017803
2022-12-16,14,12,2,1,42,29,71,2372259
2022-12-17,11,16,5,1,56,33,89,2906387
2022-12-18,11,22,2,2,56,37,93,2324320
2022-12-19,13,17,1,0,35,31,66,1638193
2022-12-20,10,13,4,1,55,28,83,2795964
2022-12-21,12,11,4,2,46,29,75,2500624
2022-12-22,8,11,5,3,63,27,90,2449582
2022-12-23,14,6,5,3,50,28,78,2293719
2022-12-24,14,15,6,0,61,35,96,2913474
2022-12-25,12,15,7,2,43,36,79,2557374
2022-12-26,11,10,2,1,50,24,74,2738524
2022-12-27,17,12,4,2,43,35,78,1000833
2022-12-28,17,7,2,0,53,26,79,2692653
2022-12-29,11,10,5,1,36,27,63,1809004
2022-12-30,9,8,2,2,46,21,67,1469989
2022-12-31,11,22,3,1,49,37,86,2425412
2023-01-01,12,14,2,7,39,35,74,2748188
2023-01-02,13,16,3,2,52,34,86,2447189
2023-01-03,19,12,3,1,51,35,86,2760422
2023-01-04,15,11,2,1,51,29,80,4001385
2023-01-05,19,12,2,3,41,36,77,1528222
2023-01-06,7,7,2,2,35,18,53,1935599
2023-01-07,15,11,2,2,58,30,88,2877337
2023-01-08,11,16,4,2,44,33,77,2480918
2023-01-09,12,10,3,1,47,26,73,1681841
2023-01-10,11,15,6,1,44,33,77,1588923
2023-01-11,14,10,5,2,31,31,62,1688075
2023-01-12,13,13,2,0,39,28,67,1835785
2023-01-13,8,13,1,0,33,22,55,2119947
2023-01-14,12,13,4,3,49,32,81,4030262
2023-01-15,16,17,5,1,35,39,74,1729518
2023-01-16,10,11,3,1,42,25,67,2882262
2023-01-17,16,6,3,2,44,27,71,2699024
2023-01-18,13,17,0,1,50,31,81,2676557
2023-01-19,12,15,3,5,40,35,75,1609742
2023-01-20,10,12,2,0,45,24,69,2004156
2023-01-21,7,16,2,3,51,28,79,2517756
2023-01-22,13,12,3,2,54,30,84,3309586
2023-01-23,12,10,2,3,49,27,76,2619409
2023-01-24,18,8,6,4,45,36,81,2250382
2023-01-25,18,15,2,1,58,36,94,4119432
2023-01-26,15,11,1,1,51,28,79,2418100
2023-01-27,14,11,3,1,49,29,78,1725033
2023-01-28,15,13,3,0,54,31,85,2352473
2023-01-29,10,11,2,2,48,25,73,2369726
2023-01-30,9,14,2,3,44,28,72,2030859
2023-01-31,18,13,2,0,50,33,83,2315180
2023-02-01,12,7,4,0,53,23,76,2455712
2023-02-02,10,5,1,5,43,21,64,2404618
2023-02-03,5,25,5,1,55,36,91,2674702
2023-02-04,11,13,1,0,55,25,80,2949458
2023-02-05,8,11,5,1,39,25,64,2475180
2023-02-06,13,15,2,1,47,31,78,2640582
2023-02-07,12,17,7,4,52,40,92,1916394
2023-02-08,20,13,5,2,66,40,106,3686349
2023-02-09,17,14,3,2,44,36,80,2884548
2023-02-10,10,10,2,0,36,22,58,1831528
2023-02-11,11,16,4,1,45,32,77,2320882
2023-02-12,14,23,3,3,62,43,105,2377257
2023-02-13,16,8,7,4,64,35,99,3185822
2023-02-14,12,13,3,1,47,29,76,1776977
2023-02-15,17,10,3,1,39,31,70,1979001
2023-02-16,27,24,5,2,73,58,131,3496850
2023-02-17,18,15,8,2,55,43,98,2947001
2023-02-18,8,16,3,1,42,28,70,2356472
2023-02-19,13,12,3,1,41,29,70,1963693
2023-02-20,16,16,3,3,50,38,88,1660972
2023-02-21,17,11,7,4,38,39,77,1330551
2023-02-22,14,17,5,4,71,40,111,3395079
2023-02-23,18,19,6,3,60,46,106,2908812
2023-02-24,15,19,7,2,77,43,120,4536489
2023-02-25,16,20,6,2,50,44,94,2320098
2023-02-26,16,18,4,4,65,42,107,3280424
2023-02-27,12,10,2,2,57,26,83,2588254
2023-02-28,20,11,4,5,46,40,86,3378321
2023-03-01,15,13,3,2,58,33,91,2245306
2023-03-02,10,14,3,2,42,29,71,2078829
2023-03-03,16,9,3,2,46,30,76,3359562
2023-03-04,16,11,4,3,46,34,80,3001862
2023-03-05,9,9,2,4,63,24,87,4084677
2023-03-06,20,25,2,5,56,52,108,1521640
2023-03-07,15,16,7,4,67,42,109,3345950
2023-03-08,22,13,3,4,59,42,101,2689598
2023-03-09,18,20,3,3,55,44,99,2332181
2023-03-10,18,21,2,0,50,41,91,1664945
2023-03-11,22,15,2,4,69,43,112,3526742
2023-03-12,13,19,4,2,62,38,100,3197648
2023-03-13,19,10,3,2,47,34,81,2260893
2023-03-14,20,13,10,1,64,44,108,2939197
2023-03-15,18,15,7,2,57,42,99,2936002
2023-03-16,17,15,2,4,52,38,90,2678630
2023-03-17,15,16,3,0,43,34,77,1407541
2023-03-18,12,14,3,3,53,32,85,2579106
2023-03-19,16,15,4,1,60,36,96,2973065
2023-03-20,12,15,3,1,44,31,75,2831003
2023-03-21,14,7,5,0,40,26,66,1460983
2023-03-22,9,9,6,5,33,29,62,1957068
2023-03-23,15,9,3,1,43,28,71,2402665
2023-03-24,7,12,3,1,46,23,69,3130246
2023-03-25,14,18,5,1,54,38,92,1597323
2023-03-26,13,14,2,0,52,29,81,2766816
2023-03-27,15,7,7,1,45,30,75,1962927
2023-03-28,14,8,1,3,47,26,73,2554868
2023-03-29,11,15,2,4,36,32,68,1902366
2023-03-30,18,15,4,1,54,38,92,2713702
2023-03-31,13,21,5,2,63,41,104,3549102
2023-04-01,23,15,6,3,58,47,105,2295116
2023-04-02,10,11,3,1,58,25,83,2946734
2023-04-03,15,6,3,1,35,25,60,2127859
2023-04-04,14,11,6,5,45,36,81,1822512
2023-04-05,16,11,2,0,43,29,72,2409198
2023-04-06,16,23,6,2,70,47,117,3780548
2023-04-07,24,15,10,3,62,52,114,3692726
2023-04-08,16,21,6,2,70,45,115,3534186
2023-04-09,16,16,2,3,71,37,108,3286894
2023-04-10,13,25,6,3,66,47,113,2635432
2023-04-11,21,23,5,8,69,57,126,4504486
2023-04-12,16,12,6,4,74,38,112,2619323
2023-04-13,21,15,5,0,66,41,107,3716447
2023-04-14,10,15,5,2,51,32,83,2515871
2023-04-15,20,12,5,1,53,38,91,2125424
2023-04-16,14,22,1,3,54,40,94,3294833
2023-04-17,14,11,1,3,48,29,77,2320403
2023-04-18,19,13,8,5,62,45,107,3564921
2023-04-19,12,13,6,4,57,35,92,2566346
2023-04-20,20,25,3,1,80,49,129,3592200
2023-04-21,20,17,5,3,52,45,97,2740239
2023-04-22,27,16,5,1,74,49,123,3806009
2023-04-23,16,14,6,1,53,37,90,2798769
2023-04-24,27,14,4,3,68,48,116,2946921
2023-04-25,13,13,3,3,54,32,86,2670440
2023-04-26,14,9,3,4,49,30,79,2135096
2023-04-27,14,15,2,2,52,33,85,2759433
2023-04-28,21,9,5,2,46,37,83,1564958
2023-04-29,14,14,3,1,63,32,95,3728574
2023-04-30,14,9,3,4,46,30,76,1821541
2023-05-01,13,14,4,3,52,34,86,3943975
2023-05-02,20,15,5,1,48,41,89,1882760
2023-05-03,16,16,3,2,65,37,102,3673944
2023-05-04,17,13,5,4,65,39,104,2026269
2023-05-05,14,14,1,3,47,32,79,2577017
2023-05-06,22,21,7,3,63,53,116,3611896
2023-05-07,21,12,9,3,55,45,100,2447056
2023-05-08,25,18,6,1,61,50,111,3797974
2023-05-09,19,15,3,1,68,38,106,2880750
2023-05-10,18,18,4,4,56,44,100,2954955
2023-05-11,20,18,5,1,71,44,115,3890952
2023-05-12,13,19,6,2,79,40,119,3248681
2023-05-13,21,16,3,4,58,44,102,2564001
2023-05-14,20,19,3,1,62,43,105,3605431
2023-05-15,14,12,6,3,65,35,100,3002349
2023-05-16,22,20,5,5,57,52,109,2889399
2023-05-17,15,17,3,0,55,35,90,3932159
2023-05-18,15,16,6,5,58,42,100,2805906
2023-05-19,22,14,3,2,77,41,118,3151356
2023-05-20,19,13,4,2,77,38,115,3842275
2023-05-21,10,10,1,1,48,22,70,1417814
2023-05-22,17,11,4,5,57,37,94,2344953
2023-05-23,22,13,9,2,60,46,106,1181409
2023-05-24,20,13,2,3,70,38,108,3211377
2023-05-25,19,16,8,1,67,44,111,4311935
2023-05-26,18,21,4,2,59,45,104,1757987
2023-05-27,18,18,4,5,66,45,111,3656449
2023-05-28,25,21,8,1,73,55,128,3416131
2023-05-29,13,17,4,1,61,35,96,3083399
2023-05-30,21,16,5,1,69,43,112,2722174
2023-05-31,23,12,3,5,60,43,103,2910429
2023-06-01,18,7,8,1,68,34,102,2160664
2023-06-02,14,25,6,0,49,45,94,2271302
2023-06-03,28,18,6,0,74,52,126,4336830
2023-06-04,11,20,6,0,69,37,106,4186562
2023-06-05,18,22,6,0,69,46,115,4126490
2023-06-06,20,21,3,3,44,47,91,1896731
2023-06-07,15,20,5,4,72,44,116,3413104
2023-06-08,18,17,5,2,47,42,89,2559305
2023-06-09,15,18,6,3,61,42,103,2921213
2023-06-10,22,19,4,0,66,45,111,4300102
2023-06-11,13,25,4,1,79,43,122,3162008
2023-06-12,16,24,6,1,66,47,113,4039134
2023-06-13,23,17,9,2,61,51,112,3106608
2023-06-14,20,9,2,6,43,37,80,2411544
2023-06-15,19,10,2,1,49,32,81,4011677
2023-06-16,10,9,1,1,53,21,74,3308531
2023-06-17,14,17,3,0,57,34,91,2461700
2023-06-18,16,18,4,0,54,38,92,3181731
2023-06-19,14,18,9,3,67,44,111,2652918
2023-06-20,21,19,9,2,52,51,103,2553589
2023-06-21,16,14,5,4,62,39,101,1813963
2023-06-22,21,16,5,2,57,44,101,4079405
2023-06-23,22,18,7,2,61,49,110,2617042
2023-06-24,18,19,4,0,76,41,117,3989870
2023-06-25,21,11,7,3,48,42,90,2926587
2023-06-26,18,15,7,2,71,42,113,3251697
2023-06-27,19,12,1,5,45,37,82,2067081
2023-06-28,16,15,0,5,62,36,98,2606646
2023-06-29,16,14,8,1,64,39,103,3528259
2023-06-30,23,21,3,2,65,49,114,2945622
2023-07-01,20,21,9,3,72,53,125,2488778
2023-07-02,13,13,5,0,58,31,89,3366768
2023-07-03,13,10,3,4,48,30,78,3585114
2023-07-04,19,11,5,1,61,36,97,2777219
2023-07-05,17,17,6,3,78,43,121,4231787
2023-07-06,19,19,3,4,70,45,115,3165578
2023-07-07,19,19,8,3,79,49,128,3330536
2023-07-08,11,13,9,0,61,33,94,2601667
2023-07-09,18,11,2,2,62,33,95,2824566
2023-07-10,22,13,4,0,61,39,100,3382011
2023-07-11,9,18,5,1,62,33,95,3299897
2023-07-12,16,14,6,3,51,39,90,2543134
2023-07-13,22,17,3,3,65,45,110,3673023
2023-07-14,18,19,5,1,67,43,110,2264490
2023-07-15,15,15,3,2,63,35,98,3074416
2023-07-16,15,16,6,2,64,39,103,3228651
2023-07-17,19,14,6,2,58,41,99,3317411
2023-07-18,23,14,5,2,65,44,109,3229661
2023-07-19,19,18,4,5,61,46,107,3329719
2023-07-20,21,17,4,2,75,44,119,4073676
2023-07-21,16,13,8,1,62,38,100,1848376
2023-07-22,14,17,2,3,64,36,100,2513292
2023-07-23,20,9,4,3,51,36,87,2536515
2023-07-24,12,15,2,0,61,29,90,3203299
2023-07-25,17,14,3,3,53,37,90,2862580
2023-07-26,14,15,6,1,55,36,91,2211471
2023-07-27,15,11,4,4,41,34,75,2639447
2023-07-28,16,13,5,1,61,35,96,3297758
2023-07-29,13,14,2,3,51,32,83,2157616
2023-07-30,16,19,7,5,64,47,111,2215811
2023-07-31,17,21,2,0,76,40,116,3840000
2023-08-01,21,12,3,1,80,37,117,3254183
2023-08-02,17,17,3,3,73,40,113,2828457
2023-08-03,26,19,4,2,57,51,108,3257195
2023-08-04,17,14,1,3,64,35,99,2472380
2023-08-05,21,12,5,3,58,41,99,2588368
2023-08-06,16,19,5,1,58,41,99,3229425
2023-08-07,16,22,1,0,66,39,105,2769194
2023-08-08,16,11,8,3,55,38,93,2742057
2023-08-09,18,24,4,2,58,48,106,3169541
2023-08-10,21,14,6,1,63,42,105,2647579
2023-08-11,23,14,7,0,66,44,110,2590232
2023-08-12,16,18,3,3,75,40,115,3734057
2023-08-13,16,23,7,3,65,49,114,3093383
2023-08-14,25,11,2,3,63,41,104,2435863
2023-08-15,19,16,4,2,48,41,89,2801876
2023-08-16,16,21,9,4,62,50,112,2338417
2023-08-17,20,13,2,0,72,35,107,3540698
2023-08-18,16,18,8,3,57,45,102,2708982
2023-08-19,14,17,7,4,65,42,107,3181506
2023-08-20,23,15,3,2,61,43,104,3604527
2023-08-21,28,10,7,5,74,50,124,3179155
2023-08-22,15,13,3,3,59,34,93,2525962
2023-08-23,21,20,2,6,56,49,105,2896463
2023-08-24,17,14,3,0,72,34,106,3751592
2023-08-25,24,21,7,1,53,53,106,1990237
2023-08-26,17,13,8,2,76,40,116,3105940
2023-08-27,17,19,7,1,46,44,90,1507810
2023-08-28,19,18,2,2,60,41,101,3367156
2023-08-29,23,9,2,1,72,35,107,2708080
2023-08-30,16,16,7,1,53,40,93,2736105
2023-08-31,16,17,7,1,47,41,88,1753065
2023-09-01,21,19,1,4,55,45,100,2683024
2023-09-02,16,24,4,1,47,45,92,2912178
2023-09-03,10,16,4,2,59,32,91,2417879
2023-09-04,7,17,5,1,65,30,95,2754310
2023-09-05,24,15,7,0,60,46,106,3321811
2023-09-06,18,12,9,1,67,40,107,3177813
2023-09-07,16,16,5,8,62,45,107,3152075
2023-09-08,18,14,4,0,66,36,102,2984164
2023-09-09,19,16,2,3,57,40,97,2936258
2023-09-10,16,12,2,1,65,31,96,2815476
2023-09-11,25,23,4,1,49,53,102,3182613
2023-09-12,17,19,5,1,48,42,90,2317836
2023-09-13,17,14,4,3,66,38,104,2664219
2023-09-14,20,14,4,4,81,42,123,4676122
2023-09-15,20,18,3,1,58,42,100,1758360
2023-09-16,17,14,3,4,50,38,88,2022054
2023-09-17,11,13,5,2,40,31,71,2221555
2023-09-18,14,19,3,3,61,39,100,1843771
2023-09-19,17,19,1,2,67,39,106,3430783
2023-09-20,22,13,5,1,57,41,98,3363423
2023-09-21,15,19,7,4,61,45,106,1913004
2023-09-22,23,19,2,2,83,46,129,3619265
2023-09-23,9,16,7,2,48,34,82,1742560
2023-09-24,27,23,2,2,65,54,119,2214998
2023-09-25,19,19,4,2,61,44,105,3222080
2023-09-26,14,11,7,3,66,35,101,3497367
2023-09-27,16,18,6,5,62,45,107,2889925
2023-09-28,20,16,3,2,73,41,114,2533287
2023-09-29,18,16,8,3,68,45,113,2811199
2023-09-30,20,22,12,4,63,58,121,3430100
2023-10-01,15,20,4,2,64,41,105,2760654
2023-10-02,16,16,2,5,62,39,101,3478979
2023-10-03,19,15,6,1,68,41,109,3193193
2023-10-04,19,19,5,4,63,47,110,2462991
2023-10-05,21,12,7,3,66,43,109,2747803
2023-10-06,12,12,8,3,73,35,108,3658016
2023-10-07,18,17,7,1,42,43,85,2057247
2023-10-08,13,10,4,5,73,32,105,3373814
2023-10-09,17,20,4,1,63,42,105,2828967
2023-10-10,18,16,5,4,74,43,117,4304820
2023-10-11,15,15,5,4,57,39,96,2556993
2023-10-12,18,25,7,2,79,52,131,3062602
2023-10-13,25,8,11,4,58,48,106,1897383
2023-10-14,24,12,9,3,65,48,113,3765952
2023-10-15,12,15,4,3,59,34,93,3005508
2023-10-16,20,20,0,1,42,41,83,2422155
2023-10-17,12,12,2,2,58,28,86,1469039
2023-10-18,9,16,5,3,54,33,87,3098946
2023-10-19,19,16,5,2,49,42,91,3028015
2023-10-20,20,15,4,1,64,40,104,2746392
2023-10-21,10,16,6,2,47,34,81,2007536
2023-10-22,15,12,4,3,30,34,64,2010908
2023-10-23,14,12,3,1,50,30,80,1620702
2023-10-24,15,11,4,2,51,32,83,2240799
2023-10-25,17,10,6,4,47,37,84,1967881
2023-10-26,12,6,5,1,50,24,74,2221127
2023-10-27,12,18,1,3,43,34,77,1735667
2023-10-28,8,14,3,4,32,29,61,1277855
2023-10-29,14,17,7,3,61,41,102,3352358
2023-10-30,12,21,3,2,71,38,109,3108422
2023-10-31,16,18,2,2,54,38,92,3084244
2023-11-01,14,10,5,2,62,31,93,2387930
2023-11-02,17,12,6,3,67,38,105,2533890
2023-11-03,14,11,4,2,69,31,100,3144204
2023-11-04,14,12,5,0,28,31,59,1796120
2023-11-05,7,14,4,1,40,26,66,1756049
2023-11-06,9,8,4,1,43,22,65,2339122
2023-11-07,16,10,4,1,31,31,62,1071010
2023-11-08,6,15,4,2,39,27,66,2224178
2023-11-09,18,9,5,3,53,35,88,2648536
2023-11-10,19,19,4,1,52,43,95,2800317
2023-11-11,11,14,5,3,67,33,100,3016682
2023-11-12,14,18,7,3,67,42,109,3053686
2023-11-13,12,18,5,3,67,38,105,2386185
2023-11-14,13,12,3,3,56,31,87,3210859
2023-11-15,11,18,2,0,54,31,85,1361988
2023-11-16,11,12,2,4,30,29,59,2250287
2023-11-17,12,14,1,0,43,27,70,2345772
2023-11-18,9,11,7,0,52,27,79,2199689
2023-11-19,12,20,5,4,35,41,76,1707762
2023-11-20,10,12,2,1,45,25,70,1106633
2023-11-21,10,10,3,3,42,26,68,2124712
2023-11-22,7,14,1,2,37,24,61,1011297
2023-11-23,14,10,2,1,33,27,60,1038072
2023-11-24,11,16,3,2,47,32,79,1492290
2023-11-25,11,9,4,0,36,24,60,1960633
2023-11-26,8,5,1,0,41,14,55,3124322
2023-11-27,10,9,5,3,46,27,73,2927312
2023-11-28,13,13,2,1,52,29,81,2682146
2023-11-29,13,12,3,3,37,31,68,2203502
2023-11-30,6,12,1,1,42,20,62,2029393
2023-12-01,11,9,2,4,42,26,68,2419739
2023-12-02,14,12,3,2,38,31,69,2813831
2023-12-03,10,17,5,1,52,33,85,3036334
2023-12-04,9,20,4,4,51,37,88,2660585
2023-12-05,14,9,5,4,53,32,85,2485838
2023-12-06,19,3,3,2,54,27,81,2117551
2023-12-07,14,17,2,3,48,36,84,2912445
2023-12-08,11,14,2,0,41,27,68,1285358
2023-12-09,10,10,5,0,41,25,66,2466665
2023-12-10,9,12,3,3,45,27,72,1264158
2023-12-11,14,7,2,0,39,23,62,1637915
2023-12-12,11,14,3,3,45,31,76,1776043
2023-12-13,14,17,4,2,38,37,75,1394271
2023-12-14,10,9,5,4,31,28,59,1965214
2023-12-15,12,10,2,1,45,25,70,2418811
2023-12-16,13,14,1,0,36,28,64,1946420
2023-12-17,13,11,4,3,39,31,70,1940376
2023-12-18,12,6,3,2,33,23,56,1590582
2023-12-19,13,12,2,3,45,30,75,1240422
2023-12-20,9,16,3,2,43,30,73,2179269
2023-12-21,15,18,2,3,41,38,79,1887992
2023-12-22,14,13,7,0,48,34,82,2098142
2023-12-23,8,9,2,3,55,22,77,1855039
2023-12-24,12,11,5,1,39,29,68,1826548
2023-12-25,9,13,11,2,52,35,87,2643843
2023-12-26,8,12,2,3,50,25,75,2707690
2023-12-27,15,11,2,1,42,29,71,1170022
2023-12-28,18,13,4,2,62,37,99,3270756
2023-12-29,14,14,6,2,50,36,86,1855903
2023-12-30,13,13,7,1,49,34,83,3081229
2023-12-31,13,10,1,0,46,24,70,2894668
2024-01-01,5,11,2,3,39,21,60,2237537
2024-01-02,9,11,2,3,48,25,73,2308302
2024-01-03,17,13,3,3,38,36,74,2902755
2024-01-04,9,16,5,2,47,32,79,2229185
2024-01-05,9,10,7,2,49,28,77,2499608
2024-01-06,12,12,1,2,45,27,72,2324709
2024-01-07,11,11,2,1,41,25,66,2537313
2024-01-08,7,12,3,3,43,25,68,1696204
2024-01-09,4,8,1,1,35,14,49,1554657
2024-01-10,12,10,2,2,34,26,60,1049313
2024-01-11,6,8,6,2,52,22,74,3447433
2024-01-12,8,11,4,3,49,26,75,2120832
2024-01-13,11,9,5,0,44,25,69,1946603
2024-01-14,12,14,6,1,52,33,85,2153034
2024-01-15,11,17,3,1,68,32,100,3925997
2024-01-16,14,12,3,4,54,33,87,2759801
2024-01-17,18,9,4,3,40,34,74,2691610
2024-01-18,9,8,2,2,42,21,63,1344347
2024-01-19,10,11,3,2,32,26,58,1473983
2024-01-20,17,19,4,2,43,42,85,1529902
2024-01-21,11,10,1,2,44,24,68,1597183
2024-01-22,15,10,4,4,42,33,75,2309697
2024-01-23,19,20,5,4,43,48,91,1674978
2024-01-24,12,9,6,4,54,31,85,2620662
2024-01-25,11,11,3,1,43,26,69,2862232
2024-01-26,13,8,8,2,51,31,82,1551296
2024-01-27,9,14,2,2,40,27,67,2638859
2024-01-28,16,14,10,4,40,44,84,2395012
2024-01-29,10,13,3,2,34,28,62,2166534
2024-01-30,8,9,4,1,34,22,56,2451394
2024-01-31,10,10,0,3,48,23,71,1812511
2024-02-01,15,12,5,3,50,35,85,3098068
2024-02-02,10,12,1,3,32,26,58,3229953
2024-02-03,14,13,3,1,33,31,64,1463719
2024-02-04,14,12,3,0,32,29,61,1463247
2024-02-05,7,13,2,2,43,24,67,2399504
2024-02-06,18,14,2,4,32,38,70,1194725
2024-02-07,15,14,5,1,45,35,80,1809302
2024-02-08,11,11,3,2,51,27,78,2462308
2024-02-09,17,11,2,2,35,32,67,1043391
2024-02-10,13,17,2,1,44,33,77,2357111
2024-02-11,11,14,3,2,48,30,78,2464580
2024-02-12,12,10,4,0,48,26,74,1918590
2024-02-13,12,12,4,2,32,30,62,2099381
2024-02-14,14,5,2,2,44,23,67,2107320
2024-02-15,16,15,4,3,55,38,93,1910793
2024-02-16,13,16,1,2,56,32,88,3094401
2024-02-17,11,10,4,0,49,25,74,2562091
2024-02-18,16,10,0,4,35,30,65,1463955
2024-02-19,14,6,5,2,39,27,66,2265698
2024-02-20,9,16,4,2,44,31,75,2186112
2024-02-21,10,15,2,1,42,28,70,2232936
2024-02-22,11,7,2,2,35,22,57,1939589
2024-02-23,16,13,4,2,31,35,66,651185
2024-02-24,11,12,3,1,54,27,81,3020490
2024-02-25,13,13,1,3,51,30,81,2672285
2024-02-26,16,17,1,1,42,35,77,2604242
2024-02-27,4,11,4,2,42,21,63,1728595
2024-02-28,15,14,3,2,42,34,76,1176609
2024-02-29,17,11,3,0,36,31,67,1279320
2024-03-01,20,12,0,2,42,34,76,2667248
2024-03-02,9,12,4,4,30,29,59,742773
2024-03-03,13,15,6,5,52,39,91,2165151
2024-03-04,12,9,2,2,64,25,89,3232756
2024-03-05,13,8,5,2,46,28,74,2262691
2024-03-06,8,10,3,2,40,23,63,2732954
2024-03-07,12,20,6,1,45,39,84,1904220
2024-03-08,18,16,7,2,65,43,108,2979412
2024-03-09,14,15,4,3,46,36,82,1582183
2024-03-10,15,11,5,0,35,31,66,2555138
2024-03-11,14,21,3,2,60,40,100,2461118
2024-03-12,17,15,6,5,68,43,111,3301612
2024-03-13,20,11,6,3,50,40,90,2595965
2024-03-14,18,21,6,3,71,48,119,3477463
2024-03-15,13,20,5,4,63,42,105,3088515
2024-03-16,28,21,5,1,72,55,127,3890020
2024-03-17,13,14,5,2,65,34,99,3487795
2024-03-18,20,20,5,2,59,47,106,2393652
2024-03-19,22,20,7,9,51,58,109,2525025
2024-03-20,19,20,4,5,71,48,119,4372624
2024-03-21,21,17,3,4,63,45,108,2830497
2024-03-22,18,15,4,1,61,38,99,3001079
2024-03-23,12,26,6,3,49,47,96,2109141
2024-03-24,17,14,4,1,57,36,93,1694836
2024-03-25,14,20,6,1,61,41,102,3319580
2024-03-26,20,9,2,2,45,33,78,1618296
2024-03-27,16,9,5,5,60,35,95,2413485
2024-03-28,14,11,5,2,51,32,83,2422788
2024-03-29,10,15,5,1,64,31,95,4024373
2024-03-30,17,14,6,1,55,38,93,3867294
2024-03-31,13,17,4,3,68,37,105,3403246
2024-04-01,17,12,4,3,59,36,95,2318689
2024-04-02,16,25,4,6,58,51,109,2185971
2024-04-03,20,22,7,2,61,51,112,3236726
2024-04-04,16,8,3,6,62,33,95,2817118
2024-04-05,18,15,11,5,58,49,107,3066185
2024-04-06,18,30,4,2,70,54,124,3883284
2024-04-07,22,15,3,1,58,41,99,2855319
2024-04-08,17,18,9,7,65,51,116,2257948
2024-04-09,17,14,9,2,67,42,109,2796706
2024-04-10,20,19,2,2,67,43,110,3504215
2024-04-11,12,13,5,4,62,34,96,2735143
2024-04-12,30,11,5,4,56,50,106,2359460
2024-04-13,13,23,5,0,74,41,115,3384163
2024-04-14,14,17,3,2,62,36,98,3634521
2024-04-15,9,19,4,6,55,38,93,2755806
2024-04-16,14,9,2,5,48,30,78,3193904
2024-04-17,10,13,4,1,42,28,70,1184755
2024-04-18,8,17,0,4,48,29,77,2051320
2024-04-19,19,15,2,1,62,37,99,3823627
2024-04-20,14,21,4,0,65,39,104,3156322
2024-04-21,18,14,5,1,66,38,104,3458394
2024-04-22,12,16,6,4,68,38,106,2399714
2024-04-23,18,21,5,1,64,45,109,2426852
2024-04-24,23,15,4,3,60,45,105,3622143
2024-04-25,17,11,3,3,51,34,85,2992550
2024-04-26,24,18,0,3,49,45,94,2338700
2024-04-27,18,14,1,1,69,34,103,2548414
2024-04-28,10,15,3,3,57,31,88,3290936
2024-04-29,14,18,2,3,44,37,81,1491754
2024-04-30,22,21,5,4,72,52,124,2365738
2024-05-01,18,18,3,4,65,43,108,3461764
2024-05-02,12,12,4,0,37,28,65,1633914
2024-05-03,18,12,1,2,44,33,77,2463153
2024-05-04,18,14,6,3,75,41,116,3295786
2024-05-05,20,14,4,2,72,40,112,3882108
2024-05-06,25,11,7,1,59,44,103,3294131
2024-05-07,16,14,4,3,69,37,106,3524648
2024-05-08,16,23,2,5,53,46,99,1471054
2024-05-09,15,17,8,1,63,41,104,2978688
2024-05-10,14,20,3,6,51,43,94,3631932
2024-05-11,20,18,9,5,73,52,125,3184767
2024-05-12,19,19,5,1,53,44,97,1464233
2024-05-13,21,18,7,3,77,49,126,5507350
2024-05-14,19,15,4,0,68,38,106,2760889
2024-05-15,20,15,7,4,63,46,109,2339785
2024-05-16,19,16,3,5,64,43,107,2253933
2024-05-17,15,22,3,2,61,42,103,2626881
2024-05-18,28,19,7,5,57,59,116,2438287
2024-05-19,15,20,1,2,63,38,101,3075316
2024-05-20,21,16,5,9,55,51,106,2847049
2024-05-21,13,14,4,2,69,33,102,3536713
2024-05-22,17,24,6,0,59,47,106,2002467
2024-05-23,20,14,3,2,67,39,106,3488093
2024-05-24,17,24,8,3,66,52,118,3247477
2024-05-25,17,16,6,3,66,42,108,2855541
2024-05-26,21,17,3,3,70,44,114,2057396
2024-05-27,17,16,5,2,63,40,103,3161042
2024-05-28,20,19,5,5,71,49,120,4066590
2024-05-29,17,20,8,5,58,50,108,2897457
2024-05-30,15,17,9,2,58,43,101,2250761
2024-05-31,11,16,7,6,51,40,91,2717395
2024-06-01,22,13,2,1,61,38,99,3093160
2024-06-02,14,16,4,1,78,35,113,3527134
2024-06-03,18,17,4,3,65,42,107,3517393
2024-06-04,21,14,5,4,61,44,105,2636285
2024-06-05,25,14,3,4,55,46,101,3457765
2024-06-06,24,21,8,7,57,60,117,2693060
2024-06-07,19,16,5,1,61,41,102,2117925
2024-06-08,14,12,3,4,65,33,98,3318475
2024-06-09,15,12,3,3,77,33,110,3410887
2024-06-10,23,23,5,1,67,52,119,2249839
2024-06-11,14,20,6,4,62,44,106,2147617
2024-06-12,22,18,8,8,60,56,116,2691915
2024-06-13,26,19,7,5,56,57,113,2544384
2024-06-14,17,19,3,5,55,44,99,3217531
2024-06-15,14,22,7,4,67,47,114,2876943
2024-06-16,15,17,8,2,52,42,94,2878976
2024-06-17,17,8,2,3,66,30,96,2704315
2024-06-18,21,13,6,4,52,44,96,2362135
2024-06-19,21,19,3,3,59,46,105,3533785
2024-06-20,13,23,1,4,67,41,108,2548334
2024-06-21,14,9,5,6,52,34,86,2045005
2024-06-22,18,21,5,3,56,47,103,2457743
2024-06-23,21,15,2,2,56,40,96,2462698
2024-06-24,18,28,3,3,66,52,118,3052044
2024-06-25,22,17,4,4,69,47,116,2835334
2024-06-26,14,21,2,3,55,40,95,2212870
2024-06-27,15,14,6,3,79,38,117,2852129
2024-06-28,18,9,8,4,57,39,96,3321805
2024-06-29,19,22,4,0,54,45,99,2066719
2024-06-30,16,12,7,2,65,37,102,3348045
2024-07-01,26,15,4,3,44,48,92,1870717
2024-07-02,23,22,3,5,78,53,131,3034325
2024-07-03,19,18,3,4,62,44,106,2902267
2024-07-04,15,12,8,2,73,37,110,2357218
2024-07-05,16,13,4,3,53,36,89,2413545
2024-07-06,20,17,6,5,61,48,109,3278915
2024-07-07,18,10,5,3,68,36,104,3623801
2024-07-08,25,9,3,2,60,39,99,2050220
2024-07-09,25,15,5,6,76,51,127,3864638
2024-07-10,17,9,5,5,60,36,96,2550532
2024-07-11,25,23,8,4,70,60,130,3107431
2024-07-12,18,11,3,2,63,34,97,2756554
2024-07-13,20,19,8,1,57,48,105,2715252
2024-07-14,18,12,7,3,69,40,109,3411519
2024-07-15,11,14,5,3,64,33,97,2488111
2024-07-16,16,14,8,6,64,44,108,2175990
2024-07-17,17,23,8,4,68,52,120,4483491
2024-07-18,17,12,8,2,57,39,96,2326830
2024-07-19,17,13,6,2,60,38,98,3202544
2024-07-20,18,15,2,2,59,37,96,1603433
2024-07-21,17,19,4,3,59,43,102,3570772
2024-07-22,17,14,7,0,54,38,92,2314871
2024-07-23,21,18,2,1,53,42,95,3027497
2024-07-24,17,11,3,3,57,34,91,2696785
2024-07-25,15,17,5,6,76,43,119,3765743
2024-07-26,18,10,5,4,42,37,79,2086094
2024-07-27,22,10,5,4,66,41,107,3103310
2024-07-28,21,17,4,2,61,44,105,2649619
2024-07-29,17,14,5,3,61,39,100,3209615
2024-07-30,18,20,3,3,50,44,94,2330792
2024-07-31,14,9,3,3,64,29,93,2704215
2024-08-01,20,15,7,6,46,48,94,1782297
2024-08-02,16,12,2,3,59,33,92,2543637
2024-08-03,19,18,4,3,62,44,106,3192318
2024-08-04,20,12,4,6,58,42,100,1824423
2024-08-05,18,17,5,2,48,42,90,2317004
2024-08-06,17,8,4,3,56,32,88,2603612
2024-08-07,11,12,3,3,46,29,75,2453290
2024-08-08,16,8,0,4,61,28,89,2700370
2024-08-09,10,20,5,2,55,37,92,3024404
2024-08-10,17,17,8,2,66,44,110,3371308
2024-08-11,21,19,2,2,51,44,95,2214531
2024-08-12,8,16,5,2,68,31,99,2653310
2024-08-13,14,10,8,3,54,35,89,3385813
2024-08-14,21,14,5,1,48,41,89,2300352
2024-08-15,12,2,2,3,46,19,65,2710055
2024-08-16,18,15,8,1,43,42,85,2516520
2024-08-17,7,12,1,2,38,22,60,2806202
2024-08-18,14,4,1,2,42,21,63,2325520
2024-08-19,17,15,4,1,46,37,83,1891498
2024-08-20,16,10,1,0,35,27,62,2218449
2024-08-21,13,14,5,2,48,34,82,2608703
2024-08-22,20,14,6,3,41,43,84,956008
2024-08-23,26,16,5,5,48,52,100,2870371
2024-08-24,22,17,5,2,75,46,121,3115747
2024-08-25,14,18,6,4,54,42,96,2662249
2024-08-26,18,23,8,5,64,54,118,3121183
2024-08-27,25,10,3,3,71,41,112,2582657
2024-08-28,19,23,4,4,81,50,131,4301436
2024-08-29,21,16,2,3,69,42,111,1794550
2024-08-30,16,21,5,4,63,46,109,2669367
2024-08-31,13,11,4,1,51,29,80,2247768
2024-09-01,22,12,4,3,43,41,84,1364152
2024-09-02,16,16,3,4,52,39,91,2478274
2024-09-03,22,14,6,5,81,47,128,3319044
2024-09-04,18,19,3,3,74,43,117,3800708
2024-09-05,18,15,2,2,55,37,92,3080193
2024-09-06,28,15,4,4,55,51,106,3177309
2024-09-07,14,16,3,5,69,38,107,1705343
2024-09-08,23,22,0,1,47,46,93,1639533
2024-09-09,15,18,6,4,69,43,112,3596307
2024-09-10,20,15,8,4,63,47,110,3064101
2024-09-11,16,15,7,4,56,42,98,2402009
2024-09-12,19,23,5,1,61,48,109,2531908
2024-09-13,22,23,3,6,66,54,120,2069063
2024-09-14,21,18,5,3,65,47,112,2969081
2024-09-15,21,14,11,6,57,52,109,2432686
2024-09-16,16,15,7,2,53,40,93,2779312
2024-09-17,17,12,7,5,51,41,92,2226543
2024-09-18,22,21,6,1,72,50,122,4296140
2024-09-19,15,11,5,3,59,34,93,3248278
2024-09-20,21,14,3,4,63,42,105,1664293
2024-09-21,20,16,8,3,58,47,105,2347440
2024-09-22,21,19,8,3,56,51,107,2774319
2024-09-23,19,18,6,4,74,47,121,4425456
2024-09-24,18,17,5,6,65,46,111,2210481
2024-09-25,16,14,9,1,69,40,109,4037055
2024-09-26,13,17,4,3,53,37,90,1460247
2024-09-27,27,18,12,5,50,62,112,2709841
2024-09-28,25,17,5,3,70,50,120,2160689
2024-09-29,15,19,3,0,43,37,80,2546166
2024-09-30,19,7,4,0,41,30,71,2170164
2024-10-01,14,19,3,3,50,39,89,1946370
2024-10-02,25,21,7,6,72,59,131,3608351
2024-10-03,15,13,5,5,48,38,86,1503108
2024-10-04,19,13,5,2,58,39,97,2949049
2024-10-05,17,14,1,5,53,37,90,3288386
2024-10-06,21,13,8,2,41,44,85,2199476
2024-10-07,13,16,3,2,52,34,86,2665081
2024-10-08,17,12,8,3,54,40,94,2623729
2024-10-09,25,16,8,6,57,55,112,2622493
2024-10-10,21,22,6,3,55,52,107,2825581
2024-10-11,20,12,6,1,59,39,98,3010402
2024-10-12,27,11,5,5,67,48,115,3562871
2024-10-13,21,16,2,6,66,45,111,2626079
2024-10-14,17,13,4,1,45,35,80,2497227
2024-10-15,14,13,1,5,43,33,76,1624887
2024-10-16,14,5,6,1,47,26,73,1554570
2024-10-17,21,10,9,7,58,47,105,2073341
2024-10-18,14,15,7,4,58,40,98,3618751
2024-10-19,24,14,3,3,59,44,103,2332484
2024-10-20,22,22,2,4,55,50,105,2289650
2024-10-21,12,9,4,4,46,29,75,1296895
2024-10-22,15,9,2,5,38,31,69,1743660
2024-10-23,18,9,4,2,34,33,67,2419883
2024-10-24,21,19,2,6,54,48,102,2574432
2024-10-25,19,15,4,3,57,41,98,3263339
2024-10-26,25,5,6,6,40,42,82,1957650
2024-10-27,21,13,2,4,47,40,87,1616458
2024-10-28,8,10,3,0,38,21,59,1536959
2024-10-29,11,10,5,6,38,32,70,1223132
2024-10-30,14,12,2,4,39,32,71,742883
2024-10-31,19,15,3,0,33,37,70,1077547
2024-11-01,20,9,4,0,48,33,81,1687448
2024-11-02,18,10,9,2,58,39,97,2979947
2024-11-03,11,16,4,4,65,35,100,3114111
2024-11-04,28,18,7,5,62,58,120,3063825
2024-11-05,21,15,5,7,63,48,111,2892448
2024-11-06,20,15,3,1,52,39,91,3235603
2024-11-07,27,22,3,2,59,54,113,3000713
2024-11-08,15,19,4,3,58,41,99,3015581
2024-11-09,17,10,3,4,54,34,88,2916692
2024-11-10,22,17,5,1,54,45,99,2782889
2024-11-11,20,12,4,8,67,44,111,3536580
2024-11-12,13,16,4,2,43,35,78,2606223
2024-11-13,15,11,7,3,45,36,81,2122857
2024-11-14,15,8,7,5,37,35,72,1316521
2024-11-15,12,14,5,1,46,32,78,1502188
2024-11-16,15,18,2,0,37,35,72,1884570
2024-11-17,20,13,0,2,32,35,67,1490807
2024-11-18,14,12,3,4,48,33,81,2567880
2024-11-19,15,11,11,3,38,40,78,2167944
2024-11-20,11,11,4,3,46,29,75,2201729
2024-11-21,17,18,3,0,41,38,79,2822801
2024-11-22,17,10,5,4,39,36,75,1775459
2024-11-23,9,12,2,2,38,25,63,1537552
2024-11-24,15,13,3,1,38,32,70,1058476
2024-11-25,8,11,3,7,35,29,64,2301109
2024-11-26,10,12,5,2,30,29,59,2036424
2024-11-27,13,10,3,2,46,28,74,2850416
2024-11-28,9,14,3,2,43,28,71,1179862
2024-11-29,10,6,2,1,39,19,58,1651464
2024-11-30,28,12,7,0,44,47,91,2652004
2024-12-01,8,10,3,1,32,22,54,240812
2024-12-02,8,12,3,3,42,26,68,1728012
2024-12-03,15,11,2,4,22,32,54,559952
2024-12-04,18,8,2,1,39,29,68,1311694
2024-12-05,16,18,6,1,47,41,88,2650264
2024-12-06,11,10,4,4,43,29,72,1686897
2024-12-07,10,10,4,1,43,25,68,2520446
2024-12-08,12,15,0,0,39,27,66,1789794
2024-12-09,16,15,6,1,38,38,76,1763372
2024-12-10,11,7,5,4,42,27,69,2249578
2024-12-11,15,12,7,2,37,36,73,1415972
2024-12-12,13,16,4,2,42,35,77,2040943
2024-12-13,18,15,3,2,43,38,81,2139932
2024-12-14,16,10,6,1,44,33,77,1679436
2024-12-15,12,11,7,0,35,30,65,2286624
2024-12-16,7,9,1,3,43,20,63,1563075
2024-12-17,16,8,5,2,35,31,66,1153539
2024-12-18,14,12,2,4,53,32,85,2876381
2024-12-19,20,10,0,6,39,36,75,1179321
2024-12-20,12,5,2,2,43,21,64,1464037
2024-12-21,20,12,0,1,48,33,81,2041931
2024-12-22,12,11,2,2,33,27,60,2333837
2024-12-23,9,5,5,2,29,21,50,1189716
2024-12-24,12,14,5,4,42,35,77,1738856
2024-12-25,15,19,5,8,40,47,87,2203732
2024-12-26,10,13,2,4,43,29,72,1520615
2024-12-27,18,9,2,2,41,31,72,2136957
2024-12-28,17,13,3,1,38,34,72,1478851
2024-12-29,11,4,3,0,38,18,56,1783238
2024-12-30,17,14,6,5,40,42,82,1724806
2024-12-31,13,16,6,0,37,35,72,1696423
2025-01-01,18,12,2,2,41,34,75,2225748
2025-01-02,14,7,2,5,37,28,65,1743466
2025-01-03,15,7,5,3,37,30,67,2615342
2025-01-04,19,14,3,1,40,37,77,1557733
2025-01-05,9,5,4,0,38,18,56,1457594
2025-01-06,11,13,3,2,25,29,54,564363
2025-01-07,10,12,3,4,34,29,63,1957933
2025-01-08,19,12,2,2,30,35,65,1083148
2025-01-09,13,10,3,1,37,27,64,1832266
2025-01-10,13,11,2,0,42,26,68,2050750
2025-01-11,16,11,3,1,49,31,80,2642729
2025-01-12,16,12,4,6,53,38,91,2919789
2025-01-13,10,11,3,2,38,26,64,1537924
2025-01-14,13,11,8,6,33,38,71,1433408
2025-01-15,10,15,4,4,33,33,66,1947788
2025-01-16,20,5,4,2,43,31,74,1650742
2025-01-17,15,10,1,4,46,30,76,2714135
2025-01-18,15,9,4,4,45,32,77,2236196
2025-01-19,15,11,3,4,32,33,65,1160028
2025-01-20,15,8,2,2,45,27,72,1665943
2025-01-21,11,14,4,4,38,33,71,1465745
2025-01-22,11,10,3,0,35,24,59,2133054
2025-01-23,10,9,2,0,41,21,62,1886518
2025-01-24,18,17,0,2,31,37,68,1654768
2025-01-25,15,17,2,3,52,37,89,2177915
2025-01-26,12,4,5,4,54,25,79,2569602
2025-01-27,18,12,2,0,41,32,73,1073686
2025-01-28,13,7,1,6,33,27,60,1458593
2025-01-29,16,12,5,2,48,35,83,1551214
2025-01-30,14,18,1,4,38,37,75,2554673
2025-01-31,21,4,5,2,46,32,78,1479761
2025-02-01,12,14,3,0,31,29,60,1439569
2025-02-02,8,7,3,1,40,19,59,1194124
2025-02-03,17,13,4,0,44,34,78,2068522
2025-02-04,12,15,3,4,46,34,80,1475376
2025-02-05,14,8,2,3,35,27,62,1112829
2025-02-06,18,16,5,4,34,43,77,1493448
2025-02-07,13,7,5,2,29,27,56,1309308
2025-02-08,12,11,4,0,33,27,60,1230252
2025-02-09,15,11,2,2,45,30,75,1623694
2025-02-10,5,9,4,3,45,21,66,2733106
2025-02-11,19,12,6,6,49,43,92,1912801
2025-02-12,17,15,4,5,59,41,100,3252718
2025-02-13,29,25,6,5,63,65,128,3211579
2025-02-14,11,10,5,2,47,28,75,2390359
2025-02-15,16,13,0,3,38,32,70,1548888
2025-02-16,10,11,3,3,40,27,67,2411271
2025-02-17,17,8,3,3,33,31,64,1837081
2025-02-18,22,11,8,3,39,44,83,2101234
2025-02-19,22,6,5,0,43,33,76,2200837
2025-02-20,11,6,4,1,45,22,67,1661163
2025-02-21,19,16,3,5,40,43,83,1995161
2025-02-22,24,17,7,1,65,49,114,3448889
2025-02-23,15,14,7,2,40,38,78,856058
2025-02-24,15,8,1,4,40,28,68,1777190
2025-02-25,12,10,2,1,39,25,64,1593506
2025-02-26,7,7,2,1,20,17,37,784662
2025-02-27,13,11,5,3,38,32,70,623847
2025-02-28,9,13,3,0,35,25,60,1082888
2025-03-01,9,12,5,3,36,29,65,1523394
2025-03-02,10,12,3,1,34,26,60,2047318
2025-03-03,10,9,1,0,54,20,74,3240590
2025-03-04,16,11,4,4,39,35,74,1544028
2025-03-05,14,14,3,0,40,31,71,1855781
2025-03-06,20,9,1,7,68,37,105,3273775
2025-03-07,12,7,6,1,56,26,82,1956564
2025-03-08,16,14,3,3,68,36,104,2759723
2025-03-09,12,9,6,0,36,27,63,1750104
2025-03-10,22,5,6,3,46,36,82,3440936
2025-03-11,15,14,4,4,37,37,74,2567557
2025-03-12,21,12,4,2,55,39,94,2365327
2025-03-13,18,13,3,1,44,35,79,1904997
2025-03-14,23,23,2,5,41,53,94,1654456
2025-03-15,16,9,6,1,45,32,77,1660592
2025-03-16,21,10,12,4,62,47,109,2910303
2025-03-17,13,17,11,0,35,41,76,1736797
2025-03-18,19,11,4,3,46,37,83,2893943
2025-03-19,19,10,3,4,45,36,81,1497961
2025-03-20,20,20,2,1,70,43,113,3637372
2025-03-21,16,9,7,4,55,36,91,1966341
2025-03-22,18,9,4,1,53,32,85,2945525
2025-03-23,18,15,6,0,40,39,79,1730454
2025-03-24,16,12,3,4,41,35,76,1634613
2025-03-25,8,9,3,5,36,25,61,824950
2025-03-26,16,13,2,1,24,32,56,817854
2025-03-27,17,11,1,1,34,30,64,2670274
2025-03-28,24,21,6,0,64,51,115,2716538
2025-03-29,19,17,4,2,68,42,110,2944362
2025-03-30,14,13,3,3,66,33,99,2403544
2025-03-31,15,19,5,8,54,47,101,2818174
2025-04-01,30,15,2,8,62,55,117,3025459
2025-04-02,19,18,9,9,60,55,115,2544880
2025-04-03,25,14,4,4,80,47,127,3912819
2025-04-04,14,21,6,4,60,45,105,4068086
2025-04-05,26,19,6,3,58,54,112,2763260
2025-04-06,25,10,9,2,58,46,104,2685482
2025-04-07,20,12,6,4,54,42,96,2479881
2025-04-08,15,13,2,7,69,37,106,3350720
2025-04-09,20,21,8,4,59,53,112,2230641
2025-04-10,23,15,4,2,55,44,99,3193992
2025-04-11,23,17,6,4,59,50,109,2906187
2025-04-12,22,20,4,4,50,50,100,3098466
2025-04-13,19,13,3,3,58,38,96,3043148
2025-04-14,20,12,11,5,56,48,104,3444282
2025-04-15,21,21,5,5,72,52,124,2032587
2025-04-16,24,12,5,0,60,41,101,3058780
2025-04-17,13,9,4,1,31,27,58,971818
2025-04-18,9,11,4,2,25,26,51,928919
2025-04-19,18,13,0,3,42,34,76,1875675
2025-04-20,19,9,1,1,50,30,80,2808057
2025-04-21,22,14,7,4,61,47,108,2787722
2025-04-22,25,24,7,7,61,63,124,2459374
2025-04-23,21,11,5,5,65,42,107,2625071
2025-04-24,26,16,9,7,64,58,122,2068468
2025-04-25,12,16,7,4,63,39,102,3138601
2025-04-26,20,14,3,6,67,43,110,3103280
2025-04-27,16,15,3,0,59,34,93,2287353
2025-04-28,19,19,2,2,52,42,94,2791742
2025-04-29,22,17,3,3,56,45,101,2404523
2025-04-30,28,19,5,3,63,55,118,3166598
2025-05-01,17,19,2,5,58,43,101,3396172
2025-05-02,19,9,3,3,63,34,97,2234276
2025-05-03,23,11,6,5,52,45,97,2890700
2025-05-04,12,11,4,2,48,29,77,2884464
2025-05-05,23,14,6,1,66,44,110,3074045
2025-05-06,26,20,3,2,54,51,105,2133741
2025-05-07,19,7,4,4,30,34,64,1797624
2025-05-08,21,13,6,4,41,44,85,935400
2025-05-09,21,15,4,3,58,43,101,1445163
2025-05-10,18,16,8,3,68,45,113,2596131
2025-05-11,18,11,7,2,69,38,107,3072802
2025-05-12,19,19,5,1,68,44,112,3493837
2025-05-13,14,19,8,4,54,45,99,2240828
2025-05-14,22,19,5,3,66,49,115,2875400
2025-05-15,27,8,7,2,61,44,105,2950498
2025-05-16,17,20,10,2,49,49,98,2564139
2025-05-17,28,12,4,5,56,49,105,2238507
2025-05-18,22,13,6,3,71,44,115,3174032
2025-05-19,22,14,10,4,64,50,114,3165537
2025-05-20,19,23,5,6,67,53,120,3318877
2025-05-21,24,16,8,4,63,52,115,2723501
2025-05-22,21,13,4,6,59,44,103,1756704
2025-05-23,16,25,6,4,68,51,119,3234111
2025-05-24,24,14,10,1,51,49,100,2280069
2025-05-25,26,23,2,2,53,53,106,2212664
2025-05-26,28,24,7,4,54,63,117,3616130
2025-05-27,26,12,3,3,53,44,97,2487890
2025-05-28,18,12,6,2,44,38,82,2607278
2025-05-29,13,15,7,4,73,39,112,4045410
2025-05-30,15,16,7,4,65,42,107,1867395
2025-05-31,21,15,3,4,51,43,94,2186634
2025-06-01,29,13,7,3,47,52,99,2207649
2025-06-02,28,18,8,1,66,55,121,3473409
2025-06-03,14,17,4,4,55,39,94,2218109
2025-06-04,25,6,6,6,67,43,110,3461280
2025-06-05,16,16,3,2,50,37,87,2634857
2025-06-06,13,12,0,3,43,28,71,979768
2025-06-07,9,15,5,3,45,32,77,2596020
2025-06-08,17,20,8,1,61,46,107,3204347
2025-06-09,32,22,7,3,69,64,133,3654936
2025-06-10,29,18,6,4,60,57,117,2781090
2025-06-11,22,18,6,3,50,49,99,2320057
2025-06-12,17,11,5,2,63,35,98,3216294
2025-06-13,13,20,9,5,66,47,113,2725831
2025-06-14,22,19,5,3,53,49,102,2061273
2025-06-15,17,13,4,5,63,39,102,3481253
2025-06-16,26,15,6,7,58,54,112,3132243
2025-06-17,18,13,4,1,49,36,85,2591660
2025-06-18,19,21,10,3,71,53,124,2654939
2025-06-19,26,14,4,4,53,48,101,3425533
2025-06-20,19,11,6,3,49,39,88,2078094
2025-06-21,24,15,6,5,68,50,118,2294139
2025-06-22,19,11,4,2,60,36,96,3226492
2025-06-23,19,18,8,3,39,48,87,1936442
2025-06-24,22,12,8,1,65,43,108,2757877
2025-06-25,14,15,6,1,68,36,104,3130021
2025-06-26,27,12,3,2,55,44,99,3072869
2025-06-27,22,11,9,4,70,46,116,2452105
2025-06-28,21,17,6,2,58,46,104,3215116
2025-06-29,20,17,5,5,55,47,102,2473998
2025-06-30,17,12,12,3,49,44,93,2427179
2025-07-01,20,13,6,2,44,41,85,1658116
2025-07-02,19,14,4,2,54,39,93,2182855
2025-07-03,15,11,2,7,48,35,83,2194170
2025-07-04,18,13,6,1,58,38,96,2799793
2025-07-05,17,12,5,2,62,36,98,2106511
2025-07-06,13,13,3,2,45,31,76,1374650
2025-07-07,19,9,8,3,31,39,70,2078031
2025-07-08,16,10,7,2,42,35,77,1359103
2025-07-09,12,12,1,6,60,31,91,3514007
2025-07-10,23,16,8,2,62,49,111,3068082
2025-07-11,12,11,3,4,55,30,85,3344799
2025-07-12,23,18,0,3,62,44,106,3912441
2025-07-13,17,20,3,2,53,42,95,2124256
2025-07-14,19,18,5,5,69,47,116,2691895
2025-07-15,31,16,5,4,53,56,109,3182087
2025-07-16,14,23,3,4,67,44,111,3082708
2025-07-17,19,23,8,5,61,55,116,3498766
2025-07-18,19,15,4,1,42,39,81,2239938
2025-07-19,17,11,4,2,52,34,86,2304512
2025-07-20,25,15,6,2,64,48,112,2986319
2025-07-21,17,13,8,3,47,41,88,3056542
2025-07-22,25,9,10,8,44,52,96,2079937
2025-07-23,12,17,6,5,60,40,100,2499493
2025-07-24,16,19,3,3,47,41,88,2124879
2025-07-25,17,9,4,4,48,34,82,2478169
2025-07-26,16,8,3,3,63,30,93,2833815
2025-07-27,15,16,8,4,59,43,102,3299079
2025-07-28,19,13,5,4,55,41,96,2051368
2025-07-29,23,11,5,5,54,44,98,2517124
2025-07-30,19,14,7,5,65,45,110,3597243
2025-07-31,22,17,6,2,55,47,102,2103165
2025-08-01,12,8,1,2,52,23,75,1754952
2025-08-02,18,16,5,4,60,43,103,3713856
2025-08-03,16,15,4,2,43,37,80,2459241
2025-08-04,12,14,2,5,39,33,72,1525727
2025-08-05,27,14,4,6,54,51,105,3419438
2025-08-06,11,18,5,5,33,39,72,1483852
2025-08-07,18,3,6,4,39,31,70,2293325
2025-08-08,13,13,2,4,43,32,75,1629400
2025-08-09,15,7,4,3,42,29,71,2350268
2025-08-10,16,18,3,4,57,41,98,2779055
2025-08-11,18,14,6,4,59,42,101,2686975
2025-08-12,28,20,9,2,68,59,127,2725047
2025-08-13,20,20,4,5,71,49,120,2511282
2025-08-14,16,17,7,6,57,46,103,2743608
2025-08-15,12,6,6,2,49,26,75,1917237
2025-08-16,14,16,5,2,45,37,82,1925877
2025-08-17,19,20,6,8,74,53,127,4001781
2025-08-18,17,22,3,3,49,45,94,2055719
2025-08-19,26,16,5,6,53,53,106,3953849
2025-08-20,19,11,5,2,49,37,86,2942038
2025-08-21,13,15,3,2,48,33,81,2451059
2025-08-22,19,10,6,7,73,42,115,3049896
2025-08-23,19,9,5,2,52,35,87,2162407
2025-08-24,23,17,4,4,56,48,104,3069295
2025-08-25,20,9,9,3,49,41,90,2260610
2025-08-26,17,11,10,5,39,43,82,1976976
2025-08-27,14,19,7,5,45,45,90,2630494
2025-08-28,16,17,6,5,64,44,108,2418119
2025-08-29,23,15,7,5,51,50,101,2275780
2025-08-30,17,17,8,5,74,47,121,4309715
2025-08-31,18,18,7,6,60,49,109,2584331
2025-09-01,29,8,6,2,69,45,114,2868315
2025-09-02,14,16,4,2,45,36,81,1688845
2025-09-03,15,19,6,7,39,47,86,2091423
2025-09-04,9,8,3,2,39,22,61,1456304
2025-09-05,23,19,3,1,75,46,121,3599143
2025-09-06,18,13,6,3,64,40,104,2742870
2025-09-07,18,17,8,3,55,46,101,3010705
2025-09-08,19,14,4,4,58,41,99,2653045
2025-09-09,20,14,6,2,43,42,85,1668185
2025-09-10,16,11,10,5,44,42,86,2267581
2025-09-11,15,9,9,3,33,36,69,1620037
2025-09-12,8,7,4,1,41,20,61,1201950
2025-09-13,19,7,1,2,32,29,61,1480424
2025-09-14,10,10,3,2,39,25,64,1363264
2025-09-15,16,16,7,3,34,42,76,1085154
2025-09-16,18,12,1,6,62,37,99,2354138
2025-09-17,26,15,3,8,55,52,107,2286099
2025-09-18,21,20,2,6,66,49,115,2928645
2025-09-19,20,8,8,4,37,40,77,2171937
2025-09-20,7,10,1,0,46,18,64,1777491
2025-09-21,9,11,1,1,51,22,73,1632000
2025-09-22,6,12,6,2,37,26,63,1496639
2025-09-23,19,9,3,4,53,35,88,2720643
2025-09-24,14,13,5,6,52,38,90,2236283
2025-09-25,21,9,5,1,26,36,62,1745296
2025-09-26,14,22,1,1,38,38,76,889704
2025-09-27,17,16,9,0,60,42,102,3006967
2025-09-28,22,18,8,0,76,48,124,3732513
2025-09-29,23,22,5,9,70,59,129,2652585
2025-09-30,21,9,10,4,56,44,100,2097595
2025-10-01,17,14,11,2,72,44,116,3296811
2025-10-02,19,13,1,5,56,38,94,4213415
2025-10-03,21,18,2,5,55,46,101,2985012
2025-10-04,26,12,4,3,73,45,118,1767642
2025-10-05,21,16,7,5,72,49,121,3521158
2025-10-06,20,17,6,2,44,45,89,2090605
2025-10-07,18,13,6,8,56,45,101,2677093
2025-10-08,12,10,3,4,26,29,55,1037540
2025-10-09,11,12,2,1,30,26,56,1496030
2025-10-10,14,14,8,2,31,38,69,979332
2025-10-11,15,7,5,3,39,30,69,1820603
2025-10-12,10,12,8,2,23,32,55,890370
2025-10-13,10,12,7,4,38,33,71,1636984
2025-10-14,27,19,7,4,63,57,120,4567780
2025-10-15,13,8,2,1,38,24,62,1592552
2025-10-16,11,9,2,1,28,23,51,1206092
2025-10-17,12,15,6,1,24,34,58,1208079
2025-10-18,12,9,6,2,43,29,72,1747594
2025-10-19,17,14,1,3,47,35,82,2057561
2025-10-20,10,15,3,6,48,34,82,1795983
2025-10-21,27,16,4,3,53,50,103,2285006
2025-10-22,20,16,8,7,65,51,116,3684915
2025-10-23,23,17,7,4,58,51,109,2955595
2025-10-24,16,19,4,2,63,41,104,2242037
2025-10-25,17,16,5,2,61,40,101,3609411
2025-10-26,20,13,6,1,59,40,99,3305933
2025-10-27,25,7,8,9,57,49,106,2798994
2025-10-28,28,18,3,2,52,51,103,1912261
2025-10-29,17,17,8,2,70,44,114,2918046
2025-10-30,18,15,7,7,48,47,95,2635302
2025-10-31,16,16,5,1,42,38,80,3436232
2025-11-01,13,11,2,1,47,27,74,1808993
2025-11-02,14,6,2,3,35,25,60,1878385
2025-11-03,6,14,5,1,25,26,51,680417
2025-11-04,10,10,2,2,50,24,74,987633
2025-11-05,12,13,2,4,47,31,78,2980784
2025-11-06,11,12,6,1,39,30,69,2011944
2025-11-07,15,16,7,3,36,41,77,2024502
2025-11-08,16,22,2,4,63,44,107,3348133
2025-11-09,10,9,4,3,45,26,71,2533855
2025-11-10,9,13,2,2,41,26,67,2050581
2025-11-11,21,12,4,3,60,40,100,3049537
2025-11-12,14,9,3,3,41,29,70,2040948
2025-11-13,18,22,8,1,51,49,100,1940299
2025-11-14,12,12,5,7,47,36,83,3239720
2025-11-15,13,12,3,3,38,31,69,2322682
2025-11-16,13,17,5,2,33,37,70,1322659
2025-11-17,11,10,5,1,33,27,60,1314019
2025-11-18,14,9,4,4,41,31,72,1609802
2025-11-19,9,12,1,4,38,26,64,1997768
2025-11-20,13,6,2,3,43,24,67,2064640
2025-11-21,8,7,2,0,32,17,49,1584138
2025-11-22,8,9,2,2,30,21,51,962561
2025-11-23,14,10,6,4,27,34,61,776010
2025-11-24,11,7,2,3,23,23,46,939319
2025-11-25,11,14,3,3,36,31,67,1565770
2025-11-26,5,5,6,3,32,19,51,1174915
2025-11-27,7,9,4,0,29,20,49,2042975
2025-11-28,6,14,2,2,26,24,50,1185354
2025-11-29,16,7,4,1,29,28,57,823763
2025-11-30,7,7,7,1,35,22,57,2472791
2025-12-01,6,14,10,0,35,30,65,3025778
2025-12-02,13,12,3,1,30,29,59,1234964
2025-12-03,11,8,2,4,26,25,51,1516768
2025-12-04,8,5,2,0,30,15,45,1715620
2025-12-05,2,13,3,0,26,18,44,1204017
2025-12-06,12,13,1,3,39,29,68,1323388
2025-12-07,9,9,4,2,40,24,64,2225547
2025-12-08,10,14,3,5,27,32,59,1135754
2025-12-09,12,16,6,2,46,36,82,1806733
2025-12-10,6,9,6,0,31,21,52,1006238
2025-12-11,7,7,4,2,30,20,50,1964902
2025-12-12,6,9,3,1,22,19,41,1184935
2025-12-13,9,4,5,2,26,20,46,1256662
2025-12-14,7,4,2,0,36,13,49,2455638
2025-12-15,13,9,4,3,18,29,47,1304890
2025-12-16,10,11,2,1,31,24,55,1891843
2025-12-17,4,10,2,2,32,18,50,862506
2025-12-18,10,8,3,1,33,22,55,1963432
2025-12-19,9,4,1,0,17,14,31,828897
2025-12-20,10,12,4,2,20,28,48,1143589
2025-12-21,13,11,0,1,29,25,54,719285
2025-12-22,5,9,5,1,26,20,46,858100
2025-12-23,16,13,1,2,26,32,58,1994683
2025-12-24,13,17,5,1,29,36,65,929216
2025-12-25,11,16,4,5,32,36,68,1167192
2025-12-26,10,10,6,0,36,26,62,2507207
2025-12-27,9,10,6,2,39,27,66,1867382
2025-12-28,4,15,10,2,24,31,55,1632034
2025-12-29,13,4,4,3,26,24,50,643850
2025-12-30,10,10,8,3,35,31,66,1680707
2025-12-31,10,8,3,4,46,25,71,1449369
2026-01-01,20,7,4,4,29,35,64,1713442
2026-01-02,7,16,4,1,23,28,51,1162313
2026-01-03,15,4,4,2,34,25,59,1748158
2026-01-04,8,11,1,3,26,23,49,1127400
2026-01-05,12,12,6,1,30,31,61,1948403
2026-01-06,15,5,7,3,31,30,61,379967
2026-01-07,12,10,4,3,37,29,66,1536799
2026-01-08,8,12,3,2,37,25,62,2085390
2026-01-09,9,15,6,4,40,34,74,2991391
2026-01-10,10,10,5,4,34,29,63,1184808
2026-01-11,16,11,2,4,31,33,64,1935469
2026-01-12,8,4,2,4,34,18,52,1663154
2026-01-13,12,10,3,2,26,27,53,641841
2026-01-14,4,14,7,2,34,27,61,1260279
2026-01-15,14,9,3,1,35,27,62,1845107
2026-01-16,6,10,3,5,29,24,53,1066232
2026-01-17,5,8,2,0,23,15,38,901828
2026-01-18,12,10,9,3,20,34,54,1302150
2026-01-19,9,11,7,2,29,29,58,924715
2026-01-20,8,11,2,4,33,25,58,1253055
2026-01-21,16,7,2,2,29,27,56,2051286
2026-01-22,5,15,2,4,38,26,64,1411533
2026-01-23,9,7,8,0,24,24,48,1230089
2026-01-24,9,10,4,2,21,25,46,878943
2026-01-25,9,8,3,3,41,23,64,2629818
2026-01-26,7,7,7,3,19,24,43,1238981
2026-01-27,19,5,5,2,30,31,61,1253238
2026-01-28,8,9,6,3,28,26,54,1214507
2026-01-29,13,11,5,2,41,31,72,1593036
2026-01-30,14,10,4,4,39,32,71,1648687
2026-01-31,9,13,7,1,40,30,70,1652157
2026-02-01,10,11,4,5,19,30,49,1035130
2026-02-02,11,6,6,3,41,26,67,2714863
2026-02-03,13,10,10,0,33,33,66,1211012
2026-02-04,9,6,6,2,20,23,43,986199
2026-02-05,12,14,7,2,36,35,71,1814047
2026-02-06,7,14,2,3,34,26,60,1050896
2026-02-07,6,12,1,1,40,20,60,2323504
2026-02-08,11,8,6,1,32,26,58,1066129
2026-02-09,4,12,1,3,33,20,53,999250
2026-02-10,11,9,4,2,39,26,65,2479703
2026-02-11,10,14,5,3,49,32,81,1444919
2026-02-12,11,14,8,3,32,36,68,1916098
2026-02-13,20,18,6,5,54,49,103,2415490
2026-02-14,17,16,4,1,53,38,91,2559173
2026-02-15,9,17,4,2,42,32,74,1436990
2026-02-16,8,5,5,1,35,19,54,1965358
2026-02-17,14,11,5,5,40,35,75,1902017
2026-02-18,22,19,7,7,54,55,109,2925472
2026-02-19,23,23,4,2,63,52,115,3441832
2026-02-20,20,11,6,2,55,39,94,2985825
2026-02-21,9,19,3,2,53,33,86,1816744
2026-02-22,31,19,5,3,69,58,127,3572104
2026-02-23,11,14,8,6,65,39,104,1956111
2026-02-24,15,19,4,6,49,44,93,1756199
2026-02-25,31,17,6,3,59,57,116,4168541
2026-02-26,15,12,13,4,45,44,89,909158
2026-02-27,5,15,6,1,37,27,64,1196784
2026-02-28,5,11,4,1,36,21,57,2598963
2026-03-01,3,9,3,0,5,15,20,153007
2026-03-02,0,3,0,0,1,3,4,0
2026-03-03,1,2,0,0,1,3,4,6701
2026-03-04,0,0,0,0,0,0,0,0
2026-03-05,0,1,1,0,1,2,3,0
2026-03-06,0,0,2,0,0,2,2,0
2026-03-07,0,2,0,0,1,2,3,0
2026-03-08,0,2,0,0,0,2,2,0
2026-03-09,0,0,1,0,1,1,2,0
2026-03-10,0,1,0,0,1,1,2,42122
2026-03-11,1,1,0,0,0,2,2,0
2026-03-12,1,0,0,0,0,1,1,0
2026-03-13,0,0,0,0,0,0,0,0
2026-03-14,1,0,0,0,0,1,1,0
2026-03-15,2,3,0,0,2,5,7,339183
2026-03-16,0,2,2,0,0,4,4,0
2026-03-17,0,0,0,0,1,0,1,47804
2026-03-18,0,0,0,0,0,0,0,0
2026-03-19,0,0,0,0,0,0,0,0
2026-03-20,0,1,0,0,2,1,3,118692
2026-03-21,0,0,0,0,0,0,0,0
2026-03-22,0,2,0,0,0,2,2,0
2026-03-23,0,2,0,0,2,2,4,48834
2026-03-24,0,0,1,0,1,1,2,0
2026-03-25,0,0,0,0,2,0,2,3212
2026-03-26,0,4,0,0,0,4,4,0
2026-03-27,0,2,0,0,0,2,2,0
2026-03-28,0,5,0,0,1,5,6,0
2026-03-29,0,2,1,0,2,3,5,5464
2026-03-30,2,0,1,0,3,3,6,0
2026-03-31,1,1,1,0,2,3,5,70842
2026-04-01,0,4,2,0,1,6,7,4062
2026-04-02,0,1,0,0,0,1,1,0
2026-04-03,0,1,0,0,2,1,3,97195
2026-04-04,1,6,1,0,3,8,11,38238
2026-04-05,0,0,0,0,4,0,4,264106
2026-04-06,1,3,1,0,0,5,5,0
2026-04-07,0,1,0,0,2,1,3,69890
2026-04-08,0,3,0,0,0,3,3,0
2026-04-09,0,2,1,0,5,3,8,164591
2026-04-10,0,3,0,0,0,3,3,0
2026-04-11,1,2,1,0,3,4,7,287665
2026-04-12,1,8,0,0,3,9,12,33937
2026-04-13,1,1,1,0,4,3,7,34634
2026-04-14,1,1,0,0,3,2,5,30952
2026-04-15,1,2,0,0,4,3,7,6839
2026-04-16,1,1,0,0,1,2,3,75745
2026-04-17,0,5,0,0,3,5,8,5366
2026-04-18,4,4,0,0,12,8,20,516261
2026-04-19,0,0,1,0,1,1,2,6839
2026-04-20,1,0,0,0,2,1,3,36579
2026-04-21,0,0,1,0,3,1,4,75113
2026-04-22,2,1,0,0,2,3,5,0
2026-04-23,0,1,2,0,0,3,3,0
2026-04-24,0,1,3,0,2,4,6,33283
2026-04-25,0,1,1,0,2,2,4,53759
2026-04-26,0,1,1,0,1,2,3,0
2026-04-27,0,4,1,0,2,5,7,30787
2026-04-28,2,2,3,0,3,7,10,323392
2026-04-29,3,10,3,0,23,16,39,136489
2026-04-30,3,2,2,0,4,7,11,64253
2026-05-01,0,2,3,0,2,5,7,36640
2026-05-02,0,2,0,0,4,2,6,93041
2026-05-03,0,3,2,0,1,5,6,0
2026-05-04,1,1,0,0,0,2,2,0
2026-05-05,0,0,0,0,0,0,0,0
2026-05-06,0,0,0,0,0,0,0,0
2026-05-07,0,0,0,0,0,0,0,0
2026-05-08,0,0,0,0,0,0,0,0
2026-05-09,0,0,0,0,1,0,1,98525
2026-05-10,1,2,2,0,2,5,7,319376
2026-05-11,0,2,1,0,4,3,7,88456
2026-05-12,0,0,1,1,1,2,3,0
2026-05-13,0,0,2,0,2,2,4,349804
2026-05-14,1,1,5,0,3,7,10,42976
2026-05-15,0,0,2,0,2,2,4,5341
2026-05-16,0,5,1,0,1,6,7,36579
2026-05-17,0,0,2,0,1,2,3,0
2026-05-18,1,0,2,0,1,3,4,13968
2026-05-19,1,0,0,0,3,1,4,570517
2026-05-20,2,2,0,0,4,4,8,290295
2026-05-21,0,2,1,0,2,3,5,42682
2026-05-22,0,2,0,0,0,2,2,0
2026-05-23,0,1,4,0,1,5,6,284471
2026-05-24,0,3,0,0,2,3,5,6839
2026-05-25,1,2,1,0,0,4,4,0
2026-05-26,0,1,1,0,2,2,4,0
2026-05-27,0,0,0,0,1,0,1,106096
2026-05-28,0,1,1,0,0,2,2,0
2026-05-29,0,0,0,1,0,1,1,0
2026-05-30,0,2,2,0,0,4,4,0
2026-05-31,1,1,3,0,0,5,5,0
2026-06-01,0,1,0,0,1,1,2,38238
2026-06-02,1,2,4,1,3,8,11,33268
2026-06-03,0,3,3,0,3,6,9,12593
2026-06-04,0,0,2,0,1,2,3,0
2026-06-05,0,0,2,0,0,2,2,0
2026-06-06,0,2,0,0,0,2,2,0
2026-06-07,0,0,2,0,0,2,2,0
2026-06-08,2,1,3,0,1,6,7,6794
2026-06-09,0,1,1,0,2,2,4,48671
2026-06-10,0,0,3,0,0,3,3,0
2026-06-11,0,0,0,0,2,0,2,11142
2026-06-12,0,0,0,0,1,0,1,11375
2026-06-13,0,0,0,0,0,0,0,0
2026-06-14,0,0,0,0,0,0,0,0
2026-06-15,0,2,3,0,2,5,7,0
2026-06-16,1,0,6,0,3,7,10,35583
2026-06-17,2,4,2,0,0,8,8,0
2026-06-18,1,7,2,0,10,10,20,459872
2026-06-19,2,1,3,0,3,6,9,600658
2026-06-20,1,7,5,0,12,13,25,543037
2026-06-21,1,2,2,0,1,5,6,65755
2026-06-22,0,4,0,0,12,4,16,394079
2026-06-23,3,10,4,0,12,17,29,953326
2026-06-24,6,19,5,1,20,31,51,1261562
2026-06-25,8,12,5,0,21,25,46,1383947
2026-06-26,2,8,3,0,17,13,30,655492
2026-06-27,3,7,6,0,9,16,25,552718
2026-06-28,3,2,4,0,7,9,16,86241
2026-06-29,4,6,3,0,13,13,26,976186
2026-06-30,0,8,2,0,6,10,16,232679
2026-07-01,2,4,5,0,18,11,29,1409459
2026-07-02,4,7,2,0,15,13,28,235228
2026-07-03,1,5,1,0,17,7,24,1127426
2026-07-04,3,4,2,0,8,9,17,353844
2026-07-05,0,5,1,0,16,6,22,782230
2026-07-06,3,2,2,2,16,9,25,2149176
2026-07-07,1,8,3,4,10,16,26,1210489
2026-07-08,3,5,4,0,8,12,20,316479
2026-07-09,3,2,2,0,3,7,10,45539
2026-07-10,0,2,1,0,4,3,7,50372
2026-07-11,0,3,0,0,3,3,6,118896
2026-07-12,1,0,2,0,1,3,4,58739
2026-07-13,1,3,4,0,2,8,10,42247
2026-07-14,1,1,1,0,5,3,8,45089
2026-07-15,1,4,1,0,3,6,9,0
2026-07-16,2,1,2,0,1,5,6,0
2026-07-17,0,0,0,0,1,0,1,1231
2026-07-18,0,2,2,0,2,4,6,36937
2026-07-19,1,0,1,0,2,2,4,39216
2026-07-20,1,1,1,0,2,3,5,0
2026-07-21,0,3,2,0,1,5,6,43064
2026-07-22,0,1,4,0,1,5,6,0
2026-07-23,0,0,0,0,0,0,0,0
2026-07-24,0,2,1,0,0,3,3,0
2026-07-25,0,0,2,0,0,2,2,0
2026-07-26,0,1,0,0,2,1,3,81157
2026-07-27,0,3,2,0,0,5,5,0
2026-07-28,0,4,0,0,1,4,5,38762
2026-07-29,0,4,0,0,3,4,7,115119
2026-07-30,1,0,2,0,1,3,4,5325
2026-07-31,1,2,3,0,2,6,8,282046
2026-08-01,0,1,1,0,3,2,5,3003
2026-08-02,1,1,1,0,0,3,3,0
2026-08-03,0,3,0,0,3,3,6,6134
2026-08-04,0,3,0,0,4,3,7,64214
2026-08-05,1,1,3,0,0,5,5,0
2026-08-06,0,1,1,0,0,2,2,0
2026-08-07,0,2,0,0,4,2,6,4245
2026-08-08,3,3,2,0,2,8,10,10939
2026-08-09,0,1,2,0,0,3,3,0
2026-08-10,0,2,0,0,2,2,4,11478
2026-08-11,0,3,4,0,2,7,9,1067
2026-08-12,0,1,1,0,1,2,3,13189
2026-08-13,0,4,0,0,2,4,6,36112
2026-08-14,0,5,0,0,2,5,7,4395
2026-08-15,0,0,0,0,1,0,1,1067
2026-08-16,0,0,0,0,1,0,1,0
2026-08-17,0,0,1,0,3,1,4,24505
2026-08-18,0,1,1,0,4,2,6,0
2026-08-19,0,0,2,0,4,2,6,78587
2026-08-20,0,2,1,0,2,3,5,55226
2026-08-21,0,2,0,0,2,2,4,0
2026-08-22,2,2,2,0,1,6,7,0
2026-08-23,0,2,0,0,1,2,3,0
2026-08-24,0,0,1,0,2,1,3,69775
2026-08-25,0,0,0,0,4,0,4,56680
2026-08-26,0,2,1,0,2,3,5,0
2026-08-27,0,0,0,0,2,0,2,4989
2026-08-28,0,4,3,0,0,7,7,0
2026-08-29,0,1,1,0,1,2,3,9744
2026-08-30,0,2,2,0,2,4,6,42932
